case,category,topology,order,mode,operation,iterations,seconds,ns_per_call,min_ns_per_call,max_ns_per_call,allocations_per_call,model_lower_bound_ns,measured_to_model_bound,modeled_flops_per_call,estimated_bytes_per_call
lagrange_pyramid_order2_strided_values,lagrange_pyramid_strided,pyramid,2,strided,values,4000,0.013225037,3306.25925,3190.26075,3487.26975,0.0,0,0,0,4144
lagrange_pyramid_order2_strided_hessians,lagrange_pyramid_strided,pyramid,2,strided,hessians,2000,0.018629203,9314.6015,9279.7015,9363.4575,0.0,0,0,0,37296
lagrange_pyramid_order5_strided_all,lagrange_pyramid_strided,pyramid,5,strided,all,500,1.440717056,2881434.112,2861911.266,2934502.318,0.0,0,0,0,766584
lagrange_line_order1_construction,lagrange_construction,line,1,construction,construction,20,6.281e-06,314.05,285.45,513.9,7.0,0,0,0,0
lagrange_line_order1_point_values,lagrange_scalar_point,line,1,point,values,5000,4.3916e-05,8.7832,8.777,8.7852,0.0,0,0,10,16
lagrange_line_order1_point_gradients,lagrange_scalar_point,line,1,point,gradients,5000,6.0982e-05,12.1964,12.1936,12.1964,0.0,0,0,18,48
lagrange_line_order1_point_hessians,lagrange_scalar_point,line,1,point,hessians,5000,7.4541e-05,14.9082,14.9042,14.91,0.0,0,0,26,144
lagrange_line_order1_point_all,lagrange_scalar_point,line,1,point,all,5000,0.000113821,22.7642,22.7598,23.6748,0.0,0,0,30,208
lagrange_line_order1_strided_values,lagrange_strided_batch,line,1,strided,values,1000,6.2637e-05,62.637,61.815,65.303,0.0,0,0,40,80
lagrange_line_order1_strided_gradients,lagrange_strided_batch,line,1,strided,gradients,1000,7.4572e-05,74.572,74.563,74.663,0.0,0,0,72,240
lagrange_line_order1_strided_hessians,lagrange_strided_batch,line,1,strided,hessians,1000,8.803e-05,88.03,88.003,90.559,0.0,0,0,104,720
lagrange_line_order1_strided_all,lagrange_strided_batch,line,1,strided,all,1000,9.9502e-05,99.502,99.466,99.6,0.0,0,0,120,1040
lagrange_line_order2_construction,lagrange_construction,line,2,construction,construction,20,7.448e-06,372.4,335.0,411.65,9.0,0,0,0,0
lagrange_line_order2_point_values,lagrange_scalar_point,line,2,point,values,5000,4.067e-05,8.134,8.132,8.1454,0.0,0,0,15,24
lagrange_line_order2_point_gradients,lagrange_scalar_point,line,2,point,gradients,5000,6.9207e-05,13.8414,13.8318,14.5226,0.0,0,0,27,72
lagrange_line_order2_point_hessians,lagrange_scalar_point,line,2,point,hessians,5000,8.6715e-05,17.343,17.3422,17.3518,0.0,0,0,39,216
lagrange_line_order2_point_all,lagrange_scalar_point,line,2,point,all,5000,0.000134123,26.8246,26.823,26.834,0.0,0,0,45,312
lagrange_line_order2_strided_values,lagrange_strided_batch,line,2,strided,values,1000,7.7264e-05,77.264,77.237,79.841,0.0,0,0,60,120
lagrange_line_order2_strided_gradients,lagrange_strided_batch,line,2,strided,gradients,1000,9.6622e-05,96.622,96.535,123.861,0.0,0,0,108,360
lagrange_line_order2_strided_hessians,lagrange_strided_batch,line,2,strided,hessians,1000,0.000118313,118.313,117.642,120.003,0.0,0,0,156,1080
lagrange_line_order2_strided_all,lagrange_strided_batch,line,2,strided,all,1000,0.000134435,134.435,134.417,134.517,0.0,0,0,180,1560
lagrange_line_order3_construction,lagrange_construction,line,3,construction,construction,20,8.174e-06,408.7,404.9,496.85,9.0,0,0,0,0
lagrange_line_order3_point_values,lagrange_scalar_point,line,3,point,values,5000,5.1511e-05,10.3022,10.2988,10.3046,0.0,0,0,20,32
lagrange_line_order3_point_gradients,lagrange_scalar_point,line,3,point,gradients,5000,7.8606e-05,15.7212,15.7196,16.2894,0.0,0,0,36,96
lagrange_line_order3_point_hessians,lagrange_scalar_point,line,3,point,hessians,5000,0.000150496,30.0992,30.088,30.1006,0.0,0,0,52,288
lagrange_line_order3_point_all,lagrange_scalar_point,line,3,point,all,5000,0.000229716,45.9432,42.9212,46.6184,0.0,0,0,60,416
lagrange_line_order3_strided_values,lagrange_strided_batch,line,3,strided,values,1000,9.2184e-05,92.184,92.085,92.323,0.0,0,0,80,160
lagrange_line_order3_strided_gradients,lagrange_strided_batch,line,3,strided,gradients,1000,0.000115471,115.471,114.524,121.604,0.0,0,0,144,480
lagrange_line_order3_strided_hessians,lagrange_strided_batch,line,3,strided,hessians,1000,0.00014843,148.43,145.56,148.776,0.0,0,0,208,1440
lagrange_line_order3_strided_all,lagrange_strided_batch,line,3,strided,all,1000,0.000172573,172.573,171.059,175.488,0.0,0,0,240,2080
lagrange_line_order4_construction,lagrange_construction,line,4,construction,construction,20,9.506e-06,475.3,473.45,729.6,10.0,0,0,0,0
lagrange_line_order4_point_values,lagrange_scalar_point,line,4,point,values,5000,0.000192137,38.4274,37.2944,41.4004,0.0,0,0,25,40
lagrange_line_order4_point_gradients,lagrange_scalar_point,line,4,point,gradients,5000,0.000254363,50.8726,50.8558,50.928,0.0,0,0,45,120
lagrange_line_order4_point_hessians,lagrange_scalar_point,line,4,point,hessians,5000,0.000453535,90.707,68.9456,108.5644,0.0,0,0,65,360
lagrange_line_order4_point_all,lagrange_scalar_point,line,4,point,all,5000,0.000388723,77.7446,76.3192,80.9824,0.0,0,0,75,520
lagrange_line_order4_strided_values,lagrange_strided_batch,line,4,strided,values,1000,0.00011602,116.02,114.595,120.922,0.0,0,0,100,200
lagrange_line_order4_strided_gradients,lagrange_strided_batch,line,4,strided,gradients,1000,0.000156875,156.875,156.808,156.939,0.0,0,0,180,600
lagrange_line_order4_strided_hessians,lagrange_strided_batch,line,4,strided,hessians,1000,0.000202365,202.365,202.016,207.307,0.0,0,0,260,1800
lagrange_line_order4_strided_all,lagrange_strided_batch,line,4,strided,all,1000,0.000235188,235.188,235.066,238.998,0.0,0,0,300,2600
lagrange_line_order5_construction,lagrange_construction,line,5,construction,construction,20,2.6464e-05,1323.2,1309.15,1653.05,41.0,0,0,0,0
lagrange_line_order5_point_values,lagrange_scalar_point,line,5,point,values,5000,0.000549842,109.9684,109.5312,113.6842,0.0,0,0,30,48
lagrange_line_order5_point_gradients,lagrange_scalar_point,line,5,point,gradients,5000,0.000807428,161.4856,157.7756,163.76,0.0,0,0,54,144
lagrange_line_order5_point_hessians,lagrange_scalar_point,line,5,point,hessians,5000,0.00104149,208.298,207.9958,212.5642,0.0,0,0,78,432
lagrange_line_order5_point_all,lagrange_scalar_point,line,5,point,all,5000,0.001116593,223.3186,217.6876,223.487,0.0,0,0,90,624
lagrange_line_order5_strided_values,lagrange_strided_batch,line,5,strided,values,1000,0.000444394,444.394,392.628,560.66,0.0,0,0,120,240
lagrange_line_order5_strided_gradients,lagrange_strided_batch,line,5,strided,gradients,1000,0.000613236,613.236,594.661,620.936,0.0,0,0,216,720
lagrange_line_order5_strided_hessians,lagrange_strided_batch,line,5,strided,hessians,1000,0.000833981,833.981,813.659,844.11,0.0,0,0,312,2160
lagrange_line_order5_strided_all,lagrange_strided_batch,line,5,strided,all,1000,0.000870693,870.693,846.87,878.682,0.0,0,0,360,3120
lagrange_line_order6_construction,lagrange_construction,line,6,construction,construction,20,3.3012e-05,1650.6,1534.3,1823.2,53.0,0,0,0,0
lagrange_line_order6_point_values,lagrange_scalar_point,line,6,point,values,5000,0.000752884,150.5768,150.312,150.8012,0.0,0,0,35,56
lagrange_line_order6_point_gradients,lagrange_scalar_point,line,6,point,gradients,5000,0.001024931,204.9862,204.1142,209.0758,0.0,0,0,63,168
lagrange_line_order6_point_hessians,lagrange_scalar_point,line,6,point,hessians,5000,0.001391719,278.3438,277.7548,323.1406,0.0,0,0,91,504
lagrange_line_order6_point_all,lagrange_scalar_point,line,6,point,all,5000,0.001456168,291.2336,290.0688,302.1262,0.0,0,0,105,728
lagrange_line_order6_strided_values,lagrange_strided_batch,line,6,strided,values,1000,0.000528158,528.158,526.415,529.259,0.0,0,0,140,280
lagrange_line_order6_strided_gradients,lagrange_strided_batch,line,6,strided,gradients,1000,0.000742166,742.166,740.053,742.76,0.0,0,0,252,840
lagrange_line_order6_strided_hessians,lagrange_strided_batch,line,6,strided,hessians,1000,0.00100868,1008.68,1008.395,1035.621,0.0,0,0,364,2520
lagrange_line_order6_strided_all,lagrange_strided_batch,line,6,strided,all,1000,0.001046004,1046.004,1045.703,1048.221,0.0,0,0,420,3640
lagrange_line_order7_construction,lagrange_construction,line,7,construction,construction,20,4.0014e-05,2000.7,1847.25,2170.7,67.0,0,0,0,0
lagrange_line_order7_point_values,lagrange_scalar_point,line,7,point,values,5000,0.00064921,129.842,126.9208,169.5084,0.0,0,0,40,64
lagrange_line_order7_point_gradients,lagrange_scalar_point,line,7,point,gradients,5000,0.001001845,200.369,199.8478,202.193,0.0,0,0,72,192
lagrange_line_order7_point_hessians,lagrange_scalar_point,line,7,point,hessians,5000,0.001382846,276.5692,275.8124,280.9752,0.0,0,0,104,576
lagrange_line_order7_point_all,lagrange_scalar_point,line,7,point,all,5000,0.001464977,292.9954,292.0724,297.581,0.0,0,0,120,832
lagrange_line_order7_strided_values,lagrange_strided_batch,line,7,strided,values,1000,0.000613131,613.131,611.23,613.326,0.0,0,0,160,320
lagrange_line_order7_strided_gradients,lagrange_strided_batch,line,7,strided,gradients,1000,0.00090269,902.69,854.326,1058.134,0.0,0,0,288,960
lagrange_line_order7_strided_hessians,lagrange_strided_batch,line,7,strided,hessians,1000,0.001696732,1696.732,1339.961,1717.567,0.0,0,0,416,2880
lagrange_line_order7_strided_all,lagrange_strided_batch,line,7,strided,all,1000,0.001812045,1812.045,1796.48,1929.146,0.0,0,0,480,4160
lagrange_line_order8_construction,lagrange_construction,line,8,construction,construction,20,9.4372e-05,4718.6,4457.55,4950.1,84.0,0,0,0,0
lagrange_line_order8_point_values,lagrange_scalar_point,line,8,point,values,5000,0.001133266,226.6532,162.6924,237.8108,0.0,0,0,45,72
lagrange_line_order8_point_gradients,lagrange_scalar_point,line,8,point,gradients,5000,0.001113075,222.615,219.4656,229.1294,0.0,0,0,81,216
lagrange_line_order8_point_hessians,lagrange_scalar_point,line,8,point,hessians,5000,0.001557539,311.5078,305.6,312.4516,0.0,0,0,117,648
lagrange_line_order8_point_all,lagrange_scalar_point,line,8,point,all,5000,0.001591375,318.275,317.7546,319.8798,0.0,0,0,135,936
lagrange_line_order8_strided_values,lagrange_strided_batch,line,8,strided,values,1000,0.000518682,518.682,515.499,519.474,0.0,0,0,180,360
lagrange_line_order8_strided_gradients,lagrange_strided_batch,line,8,strided,gradients,1000,0.000762636,762.636,760.106,765.171,0.0,0,0,324,1080
lagrange_line_order8_strided_hessians,lagrange_strided_batch,line,8,strided,hessians,1000,0.001093876,1093.876,1073.917,1100.893,0.0,0,0,468,3240
lagrange_line_order8_strided_all,lagrange_strided_batch,line,8,strided,all,1000,0.001144052,1144.052,1111.043,1144.698,0.0,0,0,540,4680
lagrange_triangle_order1_construction,lagrange_construction,triangle,1,construction,construction,20,4.451e-06,222.55,209.5,418.2,2.0,0,0,0,0
lagrange_triangle_order1_point_values,lagrange_scalar_point,triangle,1,point,values,5000,5.0136e-05,10.0272,10.0268,10.0292,0.0,0,0,12,24
lagrange_triangle_order1_point_gradients,lagrange_scalar_point,triangle,1,point,gradients,5000,5.626e-05,11.252,11.2494,11.2526,0.0,0,0,24,72
lagrange_triangle_order1_point_hessians,lagrange_scalar_point,triangle,1,point,hessians,5000,7.5829e-05,15.1658,14.4334,15.4434,0.0,0,0,48,216
lagrange_triangle_order1_point_all,lagrange_scalar_point,triangle,1,point,all,5000,0.000116156,23.2312,23.2284,23.232,0.0,0,0,84,312
lagrange_triangle_order1_strided_values,lagrange_strided_batch,triangle,1,strided,values,1000,0.000139299,139.299,139.276,139.79,0.0,0,0,48,120
lagrange_triangle_order1_strided_gradients,lagrange_strided_batch,triangle,1,strided,gradients,1000,0.000139808,139.808,139.687,139.868,0.0,0,0,96,360
lagrange_triangle_order1_strided_hessians,lagrange_strided_batch,triangle,1,strided,hessians,1000,0.000159004,159.004,159.0,164.598,0.0,0,0,192,1080
lagrange_triangle_order1_strided_all,lagrange_strided_batch,triangle,1,strided,all,1000,0.0001722,172.2,172.184,172.379,0.0,0,0,336,1560
lagrange_triangle_order2_construction,lagrange_construction,triangle,2,construction,construction,20,6.846e-06,342.3,328.45,360.6,2.0,0,0,0,0
lagrange_triangle_order2_point_values,lagrange_scalar_point,triangle,2,point,values,5000,4.0374e-05,8.0748,8.0724,8.0788,0.0,0,0,36,48
lagrange_triangle_order2_point_gradients,lagrange_scalar_point,triangle,2,point,gradients,5000,7.951e-05,15.902,15.9004,17.0598,0.0,0,0,72,144
lagrange_triangle_order2_point_hessians,lagrange_scalar_point,triangle,2,point,hessians,5000,0.00012594,25.188,25.1846,25.3614,0.0,0,0,144,432
lagrange_triangle_order2_point_all,lagrange_scalar_point,triangle,2,point,all,5000,0.000194732,38.9464,38.8888,39.5278,0.0,0,0,252,624
lagrange_triangle_order2_strided_values,lagrange_strided_batch,triangle,2,strided,values,1000,0.000216683,216.683,216.455,216.885,0.0,0,0,144,240
lagrange_triangle_order2_strided_gradients,lagrange_strided_batch,triangle,2,strided,gradients,1000,0.000224662,224.662,224.592,224.689,0.0,0,0,288,720
lagrange_triangle_order2_strided_hessians,lagrange_strided_batch,triangle,2,strided,hessians,1000,0.000266275,266.275,266.249,268.607,0.0,0,0,576,2160
lagrange_triangle_order2_strided_all,lagrange_strided_batch,triangle,2,strided,all,1000,0.000292132,292.132,291.997,294.124,0.0,0,0,1008,3120
lagrange_triangle_order3_construction,lagrange_construction,triangle,3,construction,construction,20,8.702e-06,435.1,434.95,559.2,2.0,0,0,0,0
lagrange_triangle_order3_point_values,lagrange_scalar_point,triangle,3,point,values,5000,4.7999e-05,9.5998,9.592,9.6026,0.0,0,0,80,80
lagrange_triangle_order3_point_gradients,lagrange_scalar_point,triangle,3,point,gradients,5000,0.000161369,32.2738,32.1946,34.1112,0.0,0,0,160,240
lagrange_triangle_order3_point_hessians,lagrange_scalar_point,triangle,3,point,hessians,5000,0.000329497,65.8994,64.9664,66.6684,0.0,0,0,320,720
lagrange_triangle_order3_point_all,lagrange_scalar_point,triangle,3,point,all,5000,0.000515197,103.0394,99.467,106.5262,0.0,0,0,560,1040
lagrange_triangle_order3_strided_values,lagrange_strided_batch,triangle,3,strided,values,1000,0.000329678,329.678,329.319,333.484,0.0,0,0,320,400
lagrange_triangle_order3_strided_gradients,lagrange_strided_batch,triangle,3,strided,gradients,1000,0.000345142,345.142,344.916,347.235,0.0,0,0,640,1200
lagrange_triangle_order3_strided_hessians,lagrange_strided_batch,triangle,3,strided,hessians,1000,0.000431125,431.125,428.105,449.554,0.0,0,0,1280,3600
lagrange_triangle_order3_strided_all,lagrange_strided_batch,triangle,3,strided,all,1000,0.00046597,465.97,463.547,466.825,0.0,0,0,2240,5200
lagrange_triangle_order4_construction,lagrange_construction,triangle,4,construction,construction,20,1.1778e-05,588.9,564.75,756.1,2.0,0,0,0,0
lagrange_triangle_order4_point_values,lagrange_scalar_point,triangle,4,point,values,5000,0.000510484,102.0968,101.7964,104.4706,0.0,0,0,150,120
lagrange_triangle_order4_point_gradients,lagrange_scalar_point,triangle,4,point,gradients,5000,0.000477209,95.4418,95.0246,95.7376,0.0,0,0,300,360
lagrange_triangle_order4_point_hessians,lagrange_scalar_point,triangle,4,point,hessians,5000,0.000652563,130.5126,130.242,130.6144,0.0,0,0,600,1080
lagrange_triangle_order4_point_all,lagrange_scalar_point,triangle,4,point,all,5000,0.000831549,166.3098,166.2804,168.5206,0.0,0,0,1050,1560
lagrange_triangle_order4_strided_values,lagrange_strided_batch,triangle,4,strided,values,1000,0.00045889,458.89,458.782,459.882,0.0,0,0,600,600
lagrange_triangle_order4_strided_gradients,lagrange_strided_batch,triangle,4,strided,gradients,1000,0.000496409,496.409,490.476,518.339,0.0,0,0,1200,1800
lagrange_triangle_order4_strided_hessians,lagrange_strided_batch,triangle,4,strided,hessians,1000,0.000615202,615.202,615.102,618.589,0.0,0,0,2400,5400
lagrange_triangle_order4_strided_all,lagrange_strided_batch,triangle,4,strided,all,1000,0.000680852,680.852,679.015,714.502,0.0,0,0,4200,7800
lagrange_triangle_order5_construction,lagrange_construction,triangle,5,construction,construction,20,1.5684e-05,784.2,774.35,959.3,2.0,0,0,0,0
lagrange_triangle_order5_point_values,lagrange_scalar_point,triangle,5,point,values,2500,0.000295775,118.31,118.28,119.722,0.0,0,0,252,168
lagrange_triangle_order5_point_gradients,lagrange_scalar_point,triangle,5,point,gradients,2500,0.000310072,124.0288,124.018,125.0168,0.0,0,0,504,504
lagrange_triangle_order5_point_hessians,lagrange_scalar_point,triangle,5,point,hessians,2500,0.000427164,170.8656,170.8496,171.9556,0.0,0,0,1008,1512
lagrange_triangle_order5_point_all,lagrange_scalar_point,triangle,5,point,all,2500,0.000489511,195.8044,189.3132,199.3508,0.0,0,0,1764,2184
lagrange_triangle_order5_strided_values,lagrange_strided_batch,triangle,5,strided,values,500,0.000309105,618.21,616.29,625.998,0.0,0,0,1008,840
lagrange_triangle_order5_strided_gradients,lagrange_strided_batch,triangle,5,strided,gradients,500,0.000326844,653.688,653.65,659.358,0.0,0,0,2016,2520
lagrange_triangle_order5_strided_hessians,lagrange_strided_batch,triangle,5,strided,hessians,500,0.000408799,817.598,816.7,822.624,0.0,0,0,4032,7560
lagrange_triangle_order5_strided_all,lagrange_strided_batch,triangle,5,strided,all,500,0.000459261,918.522,916.614,965.99,0.0,0,0,7056,10920
lagrange_triangle_order6_construction,lagrange_construction,triangle,6,construction,construction,20,2.0661e-05,1033.05,1000.7,1120.75,2.0,0,0,0,0
lagrange_triangle_order6_point_values,lagrange_scalar_point,triangle,6,point,values,1666,0.000251884,151.190876351,151.072028812,157.396158463,0.0,0,0,392,224
lagrange_triangle_order6_point_gradients,lagrange_scalar_point,triangle,6,point,gradients,1666,0.000265634,159.444177671,158.604441777,159.597238896,0.0,0,0,784,672
lagrange_triangle_order6_point_hessians,lagrange_scalar_point,triangle,6,point,hessians,1666,0.000362366,217.506602641,216.25090036,225.303121248,0.0,0,0,1568,2016
lagrange_triangle_order6_point_all,lagrange_scalar_point,triangle,6,point,all,1666,0.000412633,247.678871549,247.470588235,249.295318127,0.0,0,0,2744,2912
lagrange_triangle_order6_strided_values,lagrange_strided_batch,triangle,6,strided,values,333,0.000264733,794.993993994,792.072072072,800.795795796,0.0,0,0,1568,1120
lagrange_triangle_order6_strided_gradients,lagrange_strided_batch,triangle,6,strided,gradients,333,0.00028213,847.237237237,847.09009009,855.96996997,0.0,0,0,3136,3360
lagrange_triangle_order6_strided_hessians,lagrange_strided_batch,triangle,6,strided,hessians,333,0.000353774,1062.38438438,1061.92192192,1068.92492492,0.0,0,0,6272,10080
lagrange_triangle_order6_strided_all,lagrange_strided_batch,triangle,6,strided,all,333,0.000400664,1203.1951952,1196.97297297,1208.52552553,0.0,0,0,10976,14560
lagrange_triangle_order7_construction,lagrange_construction,triangle,7,construction,construction,20,2.4829e-05,1241.45,1239.25,2031.75,2.0,0,0,0,0
lagrange_triangle_order7_point_values,lagrange_scalar_point,triangle,7,point,values,1250,0.000229491,183.5928,183.5792,187.9272,0.0,0,0,576,288
lagrange_triangle_order7_point_gradients,lagrange_scalar_point,triangle,7,point,gradients,1250,0.000233322,186.6576,186.5288,188.5976,0.0,0,0,1152,864
lagrange_triangle_order7_point_hessians,lagrange_scalar_point,triangle,7,point,hessians,1250,0.000334653,267.7224,266.7288,269.7072,0.0,0,0,2304,2592
lagrange_triangle_order7_point_all,lagrange_scalar_point,triangle,7,point,all,1250,0.000382914,306.3312,305.1856,318.3624,0.0,0,0,4032,3744
lagrange_triangle_order7_strided_values,lagrange_strided_batch,triangle,7,strided,values,250,0.00024041,961.64,960.684,973.676,0.0,0,0,2304,1440
lagrange_triangle_order7_strided_gradients,lagrange_strided_batch,triangle,7,strided,gradients,250,0.000256822,1027.288,1027.096,1042.728,0.0,0,0,4608,4320
lagrange_triangle_order7_strided_hessians,lagrange_strided_batch,triangle,7,strided,hessians,250,0.000336376,1345.504,1328.848,1493.164,0.0,0,0,9216,12960
lagrange_triangle_order7_strided_all,lagrange_strided_batch,triangle,7,strided,all,250,0.000368298,1473.192,1473.06,1483.972,0.0,0,0,16128,18720
lagrange_triangle_order8_construction,lagrange_construction,triangle,8,construction,construction,20,2.9006e-05,1450.3,1448.75,1621.5,2.0,0,0,0,0
lagrange_triangle_order8_point_values,lagrange_scalar_point,triangle,8,point,values,1000,0.000213142,213.142,212.394,219.598,0.0,0,0,810,360
lagrange_triangle_order8_point_gradients,lagrange_scalar_point,triangle,8,point,gradients,1000,0.000225024,225.024,223.921,232.816,0.0,0,0,1620,1080
lagrange_triangle_order8_point_hessians,lagrange_scalar_point,triangle,8,point,hessians,1000,0.000326919,326.919,326.453,332.284,0.0,0,0,3240,3240
lagrange_triangle_order8_point_all,lagrange_scalar_point,triangle,8,point,all,1000,0.000372108,372.108,371.56,374.456,0.0,0,0,5670,4680
lagrange_triangle_order8_strided_values,lagrange_strided_batch,triangle,8,strided,values,200,0.000232396,1161.98,1158.255,1172.69,0.0,0,0,3240,1800
lagrange_triangle_order8_strided_gradients,lagrange_strided_batch,triangle,8,strided,gradients,200,0.000247885,1239.425,1239.305,1252.78,0.0,0,0,6480,5400
lagrange_triangle_order8_strided_hessians,lagrange_strided_batch,triangle,8,strided,hessians,200,0.000324529,1622.645,1616.585,1728.62,0.0,0,0,12960,16200
lagrange_triangle_order8_strided_all,lagrange_strided_batch,triangle,8,strided,all,200,0.000378254,1891.27,1889.37,1905.83,0.0,0,0,22680,23400
lagrange_quad_order1_construction,lagrange_construction,quad,1,construction,construction,20,8.855e-06,442.75,417.45,680.25,7.0,0,0,0,0
lagrange_quad_order1_point_values,lagrange_scalar_point,quad,1,point,values,5000,4.4747e-05,8.9494,8.9428,8.9824,0.0,0,0,20,32
lagrange_quad_order1_point_gradients,lagrange_scalar_point,quad,1,point,gradients,5000,5.6942e-05,11.3884,11.3848,12.2256,0.0,0,0,40,96
lagrange_quad_order1_point_hessians,lagrange_scalar_point,quad,1,point,hessians,5000,9.8899e-05,19.7798,19.7796,19.7844,0.0,0,0,64,288
lagrange_quad_order1_point_all,lagrange_scalar_point,quad,1,point,all,5000,0.000135492,27.0984,26.3796,28.9596,0.0,0,0,76,416
lagrange_quad_order1_strided_values,lagrange_strided_batch,quad,1,strided,values,1000,0.00011108,111.08,111.013,111.192,0.0,0,0,80,160
lagrange_quad_order1_strided_gradients,lagrange_strided_batch,quad,1,strided,gradients,1000,0.000133052,133.052,132.998,133.235,0.0,0,0,160,480
lagrange_quad_order1_strided_hessians,lagrange_strided_batch,quad,1,strided,hessians,1000,0.000164462,164.462,163.89,165.785,0.0,0,0,256,1440
lagrange_quad_order1_strided_all,lagrange_strided_batch,quad,1,strided,all,1000,0.000182477,182.477,182.131,184.589,0.0,0,0,304,2080
lagrange_quad_order2_construction,lagrange_construction,quad,2,construction,construction,20,1.2535e-05,626.75,623.35,714.9,9.0,0,0,0,0
lagrange_quad_order2_point_values,lagrange_scalar_point,quad,2,point,values,5000,6.8613e-05,13.7226,13.721,13.7248,0.0,0,0,33,72
lagrange_quad_order2_point_gradients,lagrange_scalar_point,quad,2,point,gradients,5000,9.6307e-05,19.2614,19.2614,19.27,0.0,0,0,66,216
lagrange_quad_order2_point_hessians,lagrange_scalar_point,quad,2,point,hessians,5000,0.000325935,65.187,65.1822,65.7288,0.0,0,0,108,648
lagrange_quad_order2_point_all,lagrange_scalar_point,quad,2,point,all,5000,0.00043545,87.09,85.0808,90.9566,0.0,0,0,135,936
lagrange_quad_order2_strided_values,lagrange_strided_batch,quad,2,strided,values,1000,0.000182397,182.397,182.392,182.588,0.0,0,0,132,360
lagrange_quad_order2_strided_gradients,lagrange_strided_batch,quad,2,strided,gradients,1000,0.000224781,224.781,221.82,228.627,0.0,0,0,264,1080
lagrange_quad_order2_strided_hessians,lagrange_strided_batch,quad,2,strided,hessians,1000,0.000310888,310.888,304.135,332.445,0.0,0,0,432,3240
lagrange_quad_order2_strided_all,lagrange_strided_batch,quad,2,strided,all,1000,0.000352417,352.417,350.43,354.752,0.0,0,0,540,4680
lagrange_quad_order3_construction,lagrange_construction,quad,3,construction,construction,20,1.7148e-05,857.4,845.15,1155.5,9.0,0,0,0,0
lagrange_quad_order3_point_values,lagrange_scalar_point,quad,3,point,values,2500,3.2111e-05,12.8444,12.7208,14.3828,0.0,0,0,48,128
lagrange_quad_order3_point_gradients,lagrange_scalar_point,quad,3,point,gradients,2500,8.8325e-05,35.33,35.3104,35.3604,0.0,0,0,96,384
lagrange_quad_order3_point_hessians,lagrange_scalar_point,quad,3,point,hessians,2500,0.000220797,88.3188,88.2744,89.324,0.0,0,0,160,1152
lagrange_quad_order3_point_all,lagrange_scalar_point,quad,3,point,all,2500,0.000309049,123.6196,123.4868,124.794,0.0,0,0,208,1664
lagrange_quad_order3_strided_values,lagrange_strided_batch,quad,3,strided,values,500,0.000142258,284.516,284.152,285.73,0.0,0,0,192,640
lagrange_quad_order3_strided_gradients,lagrange_strided_batch,quad,3,strided,gradients,500,0.000180355,360.71,357.744,364.562,0.0,0,0,384,1920
lagrange_quad_order3_strided_hessians,lagrange_strided_batch,quad,3,strided,hessians,500,0.00024898,497.96,497.88,503.094,0.0,0,0,640,5760
lagrange_quad_order3_strided_all,lagrange_strided_batch,quad,3,strided,all,500,0.000290979,581.958,581.5,586.848,0.0,0,0,832,8320
lagrange_quad_order4_construction,lagrange_construction,quad,4,construction,construction,20,2.4167e-05,1208.35,1198.3,1315.25,10.0,0,0,0,0
lagrange_quad_order4_point_values,lagrange_scalar_point,quad,4,point,values,1666,0.000155054,93.0696278511,92.8085234094,93.0774309724,0.0,0,0,65,200
lagrange_quad_order4_point_gradients,lagrange_scalar_point,quad,4,point,gradients,1666,0.000206784,124.120048019,122.989195678,125.683673469,0.0,0,0,130,600
lagrange_quad_order4_point_hessians,lagrange_scalar_point,quad,4,point,hessians,1666,0.000318544,191.202881152,190.045018007,195.863145258,0.0,0,0,220,1800
lagrange_quad_order4_point_all,lagrange_scalar_point,quad,4,point,all,1666,0.000391768,235.154861945,232.220288115,246.808523409,0.0,0,0,295,2600
lagrange_quad_order4_strided_values,lagrange_strided_batch,quad,4,strided,values,333,0.000137299,412.309309309,411.846846847,419.207207207,0.0,0,0,260,1000
lagrange_quad_order4_strided_gradients,lagrange_strided_batch,quad,4,strided,gradients,333,0.000177469,532.93993994,532.873873874,533.111111111,0.0,0,0,520,3000
lagrange_quad_order4_strided_hessians,lagrange_strided_batch,quad,4,strided,hessians,333,0.000253677,761.792792793,761.405405405,770.678678679,0.0,0,0,880,9000
lagrange_quad_order4_strided_all,lagrange_strided_batch,quad,4,strided,all,333,0.000298629,896.783783784,894.810810811,903.786786787,0.0,0,0,1180,13000
lagrange_quad_order5_construction,lagrange_construction,quad,5,construction,construction,20,4.883e-05,2441.5,2440.4,2682.0,41.0,0,0,0,0
lagrange_quad_order5_point_values,lagrange_scalar_point,quad,5,point,values,1250,0.000361172,288.9376,286.372,289.9656,0.0,0,0,84,288
lagrange_quad_order5_point_gradients,lagrange_scalar_point,quad,5,point,gradients,1250,0.000500573,400.4584,385.8192,401.476,0.0,0,0,168,864
lagrange_quad_order5_point_hessians,lagrange_scalar_point,quad,5,point,hessians,1250,0.000696701,557.3608,546.6864,568.1864,0.0,0,0,288,2592
lagrange_quad_order5_point_all,lagrange_scalar_point,quad,5,point,all,1250,0.000775285,620.228,616.708,627.8336,0.0,0,0,396,3744
lagrange_quad_order5_strided_values,lagrange_strided_batch,quad,5,strided,values,250,0.000255814,1023.256,988.8,1062.08,0.0,0,0,336,1440
lagrange_quad_order5_strided_gradients,lagrange_strided_batch,quad,5,strided,gradients,250,0.000349347,1397.388,1395.968,1411.808,0.0,0,0,672,4320
lagrange_quad_order5_strided_hessians,lagrange_strided_batch,quad,5,strided,hessians,250,0.000513896,2055.584,2046.796,2069.048,0.0,0,0,1152,12960
lagrange_quad_order5_strided_all,lagrange_strided_batch,quad,5,strided,all,250,0.000556336,2225.344,2182.228,2285.892,0.0,0,0,1584,18720
lagrange_quad_order6_construction,lagrange_construction,quad,6,construction,construction,20,6.0678e-05,3033.9,3030.05,3346.65,53.0,0,0,0,0
lagrange_quad_order6_point_values,lagrange_scalar_point,quad,6,point,values,833,0.000305237,366.430972389,366.153661465,369.284513806,0.0,0,0,105,392
lagrange_quad_order6_point_gradients,lagrange_scalar_point,quad,6,point,gradients,833,0.00040733,488.991596639,477.444177671,505.980792317,0.0,0,0,210,1176
lagrange_quad_order6_point_hessians,lagrange_scalar_point,quad,6,point,hessians,833,0.000582373,699.1272509,697.12364946,704.226890756,0.0,0,0,364,3528
lagrange_quad_order6_point_all,lagrange_scalar_point,quad,6,point,all,833,0.000636674,764.31452581,763.716686675,767.947178872,0.0,0,0,511,5096
lagrange_quad_order6_strided_values,lagrange_strided_batch,quad,6,strided,values,166,0.000217121,1307.95783133,1307.02409639,1309.84939759,0.0,0,0,420,1960
lagrange_quad_order6_strided_gradients,lagrange_strided_batch,quad,6,strided,gradients,166,0.000312002,1879.53012048,1868.87349398,2026.5,0.0,0,0,840,5880
lagrange_quad_order6_strided_hessians,lagrange_strided_batch,quad,6,strided,hessians,166,0.000462446,2785.81927711,2772.46987952,2791.14457831,0.0,0,0,1456,17640
lagrange_quad_order6_strided_all,lagrange_strided_batch,quad,6,strided,all,166,0.000496684,2992.07228916,2986.36746988,3007.1746988,0.0,0,0,2044,25480
lagrange_quad_order7_construction,lagrange_construction,quad,7,construction,construction,20,7.643e-05,3821.5,3818.55,4245.1,67.0,0,0,0,0
lagrange_quad_order7_point_values,lagrange_scalar_point,quad,7,point,values,625,0.000214353,342.9648,342.9376,343.2176,0.0,0,0,128,512
lagrange_quad_order7_point_gradients,lagrange_scalar_point,quad,7,point,gradients,625,0.00031077,497.232,496.7104,521.3552,0.0,0,0,256,1536
lagrange_quad_order7_point_hessians,lagrange_scalar_point,quad,7,point,hessians,625,0.000486208,777.9328,773.7232,780.096,0.0,0,0,448,4608
lagrange_quad_order7_point_all,lagrange_scalar_point,quad,7,point,all,625,0.000533177,853.0832,853.0144,875.3072,0.0,0,0,640,6656
lagrange_quad_order7_strided_values,lagrange_strided_batch,quad,7,strided,values,125,0.000215019,1720.152,1719.944,1750.984,0.0,0,0,512,2560
lagrange_quad_order7_strided_gradients,lagrange_strided_batch,quad,7,strided,gradients,125,0.00029449,2355.92,2355.8,2368.32,0.0,0,0,1024,7680
lagrange_quad_order7_strided_hessians,lagrange_strided_batch,quad,7,strided,hessians,125,0.000417855,3342.84,3342.32,3345.448,0.0,0,0,1792,23040
lagrange_quad_order7_strided_all,lagrange_strided_batch,quad,7,strided,all,125,0.000468501,3748.008,3721.704,3778.216,0.0,0,0,2560,33280
lagrange_quad_order8_construction,lagrange_construction,quad,8,construction,construction,20,9.4175e-05,4708.75,4579.85,4808.15,84.0,0,0,0,0
lagrange_quad_order8_point_values,lagrange_scalar_point,quad,8,point,values,500,0.000150706,301.412,301.046,301.452,0.0,0,0,153,648
lagrange_quad_order8_point_gradients,lagrange_scalar_point,quad,8,point,gradients,500,0.000214049,428.098,426.372,432.298,0.0,0,0,306,1944
lagrange_quad_order8_point_hessians,lagrange_scalar_point,quad,8,point,hessians,500,0.000370461,740.922,734.214,766.26,0.0,0,0,540,5832
lagrange_quad_order8_point_all,lagrange_scalar_point,quad,8,point,all,500,0.000432854,865.708,865.244,911.002,0.0,0,0,783,8424
lagrange_quad_order8_strided_values,lagrange_strided_batch,quad,8,strided,values,100,0.000211149,2111.49,2106.08,2114.78,0.0,0,0,612,3240
lagrange_quad_order8_strided_gradients,lagrange_strided_batch,quad,8,strided,gradients,100,0.000289221,2892.21,2889.51,2927.31,0.0,0,0,1224,9720
lagrange_quad_order8_strided_hessians,lagrange_strided_batch,quad,8,strided,hessians,100,0.000408586,4085.86,4071.68,4108.23,0.0,0,0,2160,29160
lagrange_quad_order8_strided_all,lagrange_strided_batch,quad,8,strided,all,100,0.000468261,4682.61,4668.22,4706.23,0.0,0,0,3132,42120
lagrange_tet_order1_construction,lagrange_construction,tet,1,construction,construction,20,7.15e-06,357.5,336.7,517.0,2.0,0,0,0,0
lagrange_tet_order1_point_values,lagrange_scalar_point,tet,1,point,values,5000,5.6847e-05,11.3694,10.284,11.4834,0.0,0,0,20,32
lagrange_tet_order1_point_gradients,lagrange_scalar_point,tet,1,point,gradients,5000,6.3919e-05,12.7838,12.7832,13.4568,0.0,0,0,60,96
lagrange_tet_order1_point_hessians,lagrange_scalar_point,tet,1,point,hessians,5000,7.9526e-05,15.9052,15.9028,15.9104,0.0,0,0,180,288
lagrange_tet_order1_point_all,lagrange_scalar_point,tet,1,point,all,5000,0.000135337,27.0674,27.0646,27.0728,0.0,0,0,260,416
lagrange_tet_order1_strided_values,lagrange_strided_batch,tet,1,strided,values,1000,0.000199224,199.224,199.169,199.24,0.0,0,0,80,160
lagrange_tet_order1_strided_gradients,lagrange_strided_batch,tet,1,strided,gradients,1000,0.000209969,209.969,209.928,212.197,0.0,0,0,240,480
lagrange_tet_order1_strided_hessians,lagrange_strided_batch,tet,1,strided,hessians,1000,0.000260871,260.871,255.44,270.814,0.0,0,0,720,1440
lagrange_tet_order1_strided_all,lagrange_strided_batch,tet,1,strided,all,1000,0.000303878,303.878,303.777,306.066,0.0,0,0,1040,2080
lagrange_tet_order2_construction,lagrange_construction,tet,2,construction,construction,20,1.1953e-05,597.65,578.55,700.1,2.0,0,0,0,0
lagrange_tet_order2_point_values,lagrange_scalar_point,tet,2,point,values,5000,4.5026e-05,9.0052,9.0034,9.768,0.0,0,0,70,80
lagrange_tet_order2_point_gradients,lagrange_scalar_point,tet,2,point,gradients,5000,0.000105402,21.0804,21.08,21.088,0.0,0,0,210,240
lagrange_tet_order2_point_hessians,lagrange_scalar_point,tet,2,point,hessians,5000,0.000190222,38.0444,38.0442,38.0648,0.0,0,0,630,720
lagrange_tet_order2_point_all,lagrange_scalar_point,tet,2,point,all,5000,0.000301022,60.2044,59.7422,62.1744,0.0,0,0,910,1040
lagrange_tet_order2_strided_values,lagrange_strided_batch,tet,2,strided,values,1000,0.000391163,391.163,388.538,392.002,0.0,0,0,280,400
lagrange_tet_order2_strided_gradients,lagrange_strided_batch,tet,2,strided,gradients,1000,0.000405717,405.717,403.155,409.232,0.0,0,0,840,1200
lagrange_tet_order2_strided_hessians,lagrange_strided_batch,tet,2,strided,hessians,1000,0.00052662,526.62,523.748,527.643,0.0,0,0,2520,3600
lagrange_tet_order2_strided_all,lagrange_strided_batch,tet,2,strided,all,1000,0.000647014,647.014,643.573,650.533,0.0,0,0,3640,5200
lagrange_tet_order3_construction,lagrange_construction,tet,3,construction,construction,20,2.0557e-05,1027.85,1014.85,1207.7,2.0,0,0,0,0
lagrange_tet_order3_point_values,lagrange_scalar_point,tet,3,point,values,2500,9.7218e-05,38.8872,38.832,47.09,0.0,0,0,180,160
lagrange_tet_order3_point_gradients,lagrange_scalar_point,tet,3,point,gradients,2500,0.000187337,74.9348,74.8636,76.4104,0.0,0,0,540,480
lagrange_tet_order3_point_hessians,lagrange_scalar_point,tet,3,point,hessians,2500,0.000446631,178.6524,175.0072,180.6144,0.0,0,0,1620,1440
lagrange_tet_order3_point_all,lagrange_scalar_point,tet,3,point,all,2500,0.000706526,282.6104,275.742,283.0976,0.0,0,0,2340,2080
lagrange_tet_order3_strided_values,lagrange_strided_batch,tet,3,strided,values,500,0.000337807,675.614,660.67,694.06,0.0,0,0,720,800
lagrange_tet_order3_strided_gradients,lagrange_strided_batch,tet,3,strided,gradients,500,0.000361011,722.022,714.022,760.15,0.0,0,0,2160,2400
lagrange_tet_order3_strided_hessians,lagrange_strided_batch,tet,3,strided,hessians,500,0.000509646,1019.292,990.916,1024.644,0.0,0,0,6480,7200
lagrange_tet_order3_strided_all,lagrange_strided_batch,tet,3,strided,all,500,0.000609394,1218.788,1191.682,1221.608,0.0,0,0,9360,10400
lagrange_tet_order4_construction,lagrange_construction,tet,4,construction,construction,20,3.3118e-05,1655.9,1650.6,1817.65,2.0,0,0,0,0
lagrange_tet_order4_point_values,lagrange_scalar_point,tet,4,point,values,1250,0.000243427,194.7416,194.1584,197.2984,0.0,0,0,385,280
lagrange_tet_order4_point_gradients,lagrange_scalar_point,tet,4,point,gradients,1250,0.000279698,223.7584,223.5216,225.0672,0.0,0,0,1155,840
lagrange_tet_order4_point_hessians,lagrange_scalar_point,tet,4,point,hessians,1250,0.000462161,369.7288,366.7264,388.328,0.0,0,0,3465,2520
lagrange_tet_order4_point_all,lagrange_scalar_point,tet,4,point,all,1250,0.000516521,413.2168,405.7448,424.2472,0.0,0,0,5005,3640
lagrange_tet_order4_strided_values,lagrange_strided_batch,tet,4,strided,values,250,0.000274043,1096.172,1077.42,1102.368,0.0,0,0,1540,1400
lagrange_tet_order4_strided_gradients,lagrange_strided_batch,tet,4,strided,gradients,250,0.000280796,1123.184,1122.388,1132.196,0.0,0,0,4620,4200
lagrange_tet_order4_strided_hessians,lagrange_strided_batch,tet,4,strided,hessians,250,0.000410847,1643.388,1633.94,1646.156,0.0,0,0,13860,12600
lagrange_tet_order4_strided_all,lagrange_strided_batch,tet,4,strided,all,250,0.000514056,2056.224,1996.288,2172.16,0.0,0,0,20020,18200
lagrange_tet_order5_construction,lagrange_construction,tet,5,construction,construction,20,5.1253e-05,2562.65,2560.05,2721.25,2.0,0,0,0,0
lagrange_tet_order5_point_values,lagrange_scalar_point,tet,5,point,values,714,0.000209295,293.130252101,293.102240896,298.089635854,0.0,0,0,728,448
lagrange_tet_order5_point_gradients,lagrange_scalar_point,tet,5,point,gradients,714,0.000242494,339.62745098,339.593837535,354.570028011,0.0,0,0,2184,1344
lagrange_tet_order5_point_hessians,lagrange_scalar_point,tet,5,point,hessians,714,0.000396602,555.464985994,555.18907563,566.361344538,0.0,0,0,6552,4032
lagrange_tet_order5_point_all,lagrange_scalar_point,tet,5,point,all,714,0.000440411,616.822128852,609.775910364,645.317927171,0.0,0,0,9464,5824
lagrange_tet_order5_strided_values,lagrange_strided_batch,tet,5,strided,values,142,0.000228188,1606.95774648,1605.92253521,1637.97887324,0.0,0,0,2912,2240
lagrange_tet_order5_strided_gradients,lagrange_strided_batch,tet,5,strided,gradients,142,0.000239045,1683.41549296,1681.95774648,1711.4084507,0.0,0,0,8736,6720
lagrange_tet_order5_strided_hessians,lagrange_strided_batch,tet,5,strided,hessians,142,0.00033682,2371.97183099,2363.22535211,2414.07042254,0.0,0,0,26208,20160
lagrange_tet_order5_strided_all,lagrange_strided_batch,tet,5,strided,all,142,0.000432123,3043.11971831,3041.9084507,3406.07746479,0.0,0,0,37856,29120
lagrange_tet_order6_construction,lagrange_construction,tet,6,construction,construction,20,7.396e-05,3698.0,3695.4,4255.15,2.0,0,0,0,0
lagrange_tet_order6_point_values,lagrange_scalar_point,tet,6,point,values,500,0.000199836,399.672,399.64,436.792,0.0,0,0,1260,672
lagrange_tet_order6_point_gradients,lagrange_scalar_point,tet,6,point,gradients,500,0.000232226,464.452,464.446,464.542,0.0,0,0,3780,2016
lagrange_tet_order6_point_hessians,lagrange_scalar_point,tet,6,point,hessians,500,0.000392256,784.512,780.882,787.054,0.0,0,0,11340,6048
lagrange_tet_order6_point_all,lagrange_scalar_point,tet,6,point,all,500,0.000473249,946.498,937.324,986.772,0.0,0,0,16380,8736
lagrange_tet_order6_strided_values,lagrange_strided_batch,tet,6,strided,values,100,0.000250811,2508.11,2476.67,2646.44,0.0,0,0,5040,3360
lagrange_tet_order6_strided_gradients,lagrange_strided_batch,tet,6,strided,gradients,100,0.000253025,2530.25,2496.66,2692.0,0.0,0,0,15120,10080
lagrange_tet_order6_strided_hessians,lagrange_strided_batch,tet,6,strided,hessians,100,0.000367311,3673.11,3665.71,3696.56,0.0,0,0,45360,30240
lagrange_tet_order6_strided_all,lagrange_strided_batch,tet,6,strided,all,100,0.000524509,5245.09,5211.38,5253.81,0.0,0,0,65520,43680
lagrange_tet_order7_construction,lagrange_construction,tet,7,construction,construction,20,0.000107085,5354.25,5348.75,5523.9,2.0,0,0,0,0
lagrange_tet_order7_point_values,lagrange_scalar_point,tet,7,point,values,333,0.000188337,565.576576577,552.192192192,571.087087087,0.0,0,0,2040,960
lagrange_tet_order7_point_gradients,lagrange_scalar_point,tet,7,point,gradients,333,0.000232937,699.510510511,657.153153153,701.846846847,0.0,0,0,6120,2880
lagrange_tet_order7_point_hessians,lagrange_scalar_point,tet,7,point,hessians,333,0.000368354,1106.16816817,1105.58558559,1113.61561562,0.0,0,0,18360,8640
lagrange_tet_order7_point_all,lagrange_scalar_point,tet,7,point,all,333,0.000425134,1276.67867868,1271.87387387,1330.06906907,0.0,0,0,26520,12480
lagrange_tet_order7_strided_values,lagrange_strided_batch,tet,7,strided,values,66,0.000209537,3174.8030303,3173.65151515,3214.66666667,0.0,0,0,8160,4800
lagrange_tet_order7_strided_gradients,lagrange_strided_batch,tet,7,strided,gradients,66,0.000222951,3378.04545455,3377.36363636,3407.03030303,0.0,0,0,24480,14400
lagrange_tet_order7_strided_hessians,lagrange_strided_batch,tet,7,strided,hessians,66,0.000355667,5388.89393939,5377.8030303,5420.0,0.0,0,0,73440,43200
lagrange_tet_order7_strided_all,lagrange_strided_batch,tet,7,strided,all,66,0.000481511,7295.62121212,7262.43939394,7316.84848485,0.0,0,0,106080,62400
lagrange_tet_order8_construction,lagrange_construction,tet,8,construction,construction,20,0.000139353,6967.65,6951.05,7236.05,2.0,0,0,0,0
lagrange_tet_order8_point_values,lagrange_scalar_point,tet,8,point,values,250,0.000178693,714.772,713.34,729.48,0.0,0,0,3135,1320
lagrange_tet_order8_point_gradients,lagrange_scalar_point,tet,8,point,gradients,250,0.000215401,861.604,854.74,864.184,0.0,0,0,9405,3960
lagrange_tet_order8_point_hessians,lagrange_scalar_point,tet,8,point,hessians,250,0.000377446,1509.784,1476.556,1546.008,0.0,0,0,28215,11880
lagrange_tet_order8_point_all,lagrange_scalar_point,tet,8,point,all,250,0.000425839,1703.356,1699.1,1715.552,0.0,0,0,40755,17160
lagrange_tet_order8_strided_values,lagrange_strided_batch,tet,8,strided,values,50,0.000215819,4316.38,4313.14,4370.92,0.0,0,0,12540,6600
lagrange_tet_order8_strided_gradients,lagrange_strided_batch,tet,8,strided,gradients,50,0.000236541,4730.82,4571.24,4928.54,0.0,0,0,37620,19800
lagrange_tet_order8_strided_hessians,lagrange_strided_batch,tet,8,strided,hessians,50,0.000374574,7491.48,7463.12,7509.84,0.0,0,0,112860,59400
lagrange_tet_order8_strided_all,lagrange_strided_batch,tet,8,strided,all,50,0.000509591,10191.82,10164.16,10220.54,0.0,0,0,163020,85800
lagrange_hex_order1_construction,lagrange_construction,hex,1,construction,construction,20,1.4158e-05,707.9,658.7,948.05,7.0,0,0,0,0
lagrange_hex_order1_point_values,lagrange_scalar_point,hex,1,point,values,5000,5.0157e-05,10.0314,10.0276,10.0394,0.0,0,0,40,64
lagrange_hex_order1_point_gradients,lagrange_scalar_point,hex,1,point,gradients,5000,9.762e-05,19.524,19.5236,19.5284,0.0,0,0,96,192
lagrange_hex_order1_point_hessians,lagrange_scalar_point,hex,1,point,hessians,5000,0.000218972,43.7944,43.794,44.365,0.0,0,0,216,576
lagrange_hex_order1_point_all,lagrange_scalar_point,hex,1,point,all,5000,0.000307627,61.5254,61.4648,61.978,0.0,0,0,280,832
lagrange_hex_order1_strided_values,lagrange_strided_batch,hex,1,strided,values,1000,0.000193864,193.864,184.847,196.35,0.0,0,0,160,320
lagrange_hex_order1_strided_gradients,lagrange_strided_batch,hex,1,strided,gradients,1000,0.000230036,230.036,226.686,237.931,0.0,0,0,384,960
lagrange_hex_order1_strided_hessians,lagrange_strided_batch,hex,1,strided,hessians,1000,0.00033064,330.64,309.352,334.495,0.0,0,0,864,2880
lagrange_hex_order1_strided_all,lagrange_strided_batch,hex,1,strided,all,1000,0.000372506,372.506,367.505,405.316,0.0,0,0,1120,4160
lagrange_hex_order2_construction,lagrange_construction,hex,2,construction,construction,20,3.6911e-05,1845.55,1833.1,1944.7,9.0,0,0,0,0
lagrange_hex_order2_point_values,lagrange_scalar_point,hex,2,point,values,1666,7.1533e-05,42.9369747899,42.600240096,42.9513805522,0.0,0,0,90,216
lagrange_hex_order2_point_gradients,lagrange_scalar_point,hex,2,point,gradients,1666,0.000126599,75.9897959184,74.1416566627,83.868547419,0.0,0,0,234,648
lagrange_hex_order2_point_hessians,lagrange_scalar_point,hex,2,point,hessians,1666,0.000303268,182.033613445,180.984993998,182.899159664,0.0,0,0,594,1944
lagrange_hex_order2_point_all,lagrange_scalar_point,hex,2,point,all,1666,0.000484114,290.584633854,285.959183673,293.919567827,0.0,0,0,810,2808
lagrange_hex_order2_strided_values,lagrange_strided_batch,hex,2,strided,values,333,0.000145086,435.693693694,435.138138138,445.474474474,0.0,0,0,360,1080
lagrange_hex_order2_strided_gradients,lagrange_strided_batch,hex,2,strided,gradients,333,0.000199726,599.777777778,599.774774775,600.309309309,0.0,0,0,936,3240
lagrange_hex_order2_strided_hessians,lagrange_strided_batch,hex,2,strided,hessians,333,0.000279902,840.546546547,840.468468468,847.294294294,0.0,0,0,2376,9720
lagrange_hex_order2_strided_all,lagrange_strided_batch,hex,2,strided,all,333,0.000340885,1023.67867868,1017.7957958,1078.33933934,0.0,0,0,3240,14040
lagrange_hex_order3_construction,lagrange_construction,hex,3,construction,construction,20,7.4998e-05,3749.9,3611.55,3906.3,9.0,0,0,0,0
lagrange_hex_order3_point_values,lagrange_scalar_point,hex,3,point,values,625,5.1385e-05,82.216,82.1568,111.216,0.0,0,0,176,512
lagrange_hex_order3_point_gradients,lagrange_scalar_point,hex,3,point,gradients,625,0.000108119,172.9904,168.096,199.064,0.0,0,0,480,1536
lagrange_hex_order3_point_hessians,lagrange_scalar_point,hex,3,point,hessians,625,0.000194834,311.7344,311.7328,322.8432,0.0,0,0,1296,4608
lagrange_hex_order3_point_all,lagrange_scalar_point,hex,3,point,all,625,0.000348585,557.736,555.9408,561.272,0.0,0,0,1808,6656
lagrange_hex_order3_strided_values,lagrange_strided_batch,hex,3,strided,values,125,0.000111116,888.928,888.104,889.472,0.0,0,0,704,2560
lagrange_hex_order3_strided_gradients,lagrange_strided_batch,hex,3,strided,gradients,125,0.000152578,1220.624,1203.0,1277.624,0.0,0,0,1920,7680
lagrange_hex_order3_strided_hessians,lagrange_strided_batch,hex,3,strided,hessians,125,0.000239674,1917.392,1849.544,1929.392,0.0,0,0,5184,23040
lagrange_hex_order3_strided_all,lagrange_strided_batch,hex,3,strided,all,125,0.000285797,2286.376,2286.296,2305.76,0.0,0,0,7232,33280
lagrange_hex_order4_construction,lagrange_construction,hex,4,construction,construction,20,0.000130311,6515.55,6399.25,7103.9,10.0,0,0,0,0
lagrange_hex_order4_point_values,lagrange_scalar_point,hex,4,point,values,333,0.000104131,312.705705706,312.510510511,319.3003003,0.0,0,0,310,1000
lagrange_hex_order4_point_gradients,lagrange_scalar_point,hex,4,point,gradients,333,0.000133223,400.069069069,400.009009009,400.255255255,0.0,0,0,870,3000
lagrange_hex_order4_point_hessians,lagrange_scalar_point,hex,4,point,hessians,333,0.000232579,698.435435435,695.36036036,705.738738739,0.0,0,0,2430,9000
lagrange_hex_order4_point_all,lagrange_scalar_point,hex,4,point,all,333,0.000294214,883.525525526,877.411411411,944.456456456,0.0,0,0,3430,13000
lagrange_hex_order4_strided_values,lagrange_strided_batch,hex,4,strided,values,66,0.000106412,1612.3030303,1611.36363636,2167.84848485,0.0,0,0,1240,5000
lagrange_hex_order4_strided_gradients,lagrange_strided_batch,hex,4,strided,gradients,66,0.000153001,2318.1969697,2316.65151515,2363.39393939,0.0,0,0,3480,15000
lagrange_hex_order4_strided_hessians,lagrange_strided_batch,hex,4,strided,hessians,66,0.000235045,3561.28787879,3560.96969697,3604.63636364,0.0,0,0,9720,45000
lagrange_hex_order4_strided_all,lagrange_strided_batch,hex,4,strided,all,66,0.000289777,4390.56060606,4382.45454545,4429.33333333,0.0,0,0,13720,65000
lagrange_hex_order5_construction,lagrange_construction,hex,5,construction,construction,20,0.000236287,11814.35,11674.35,11913.15,41.0,0,0,0,0
lagrange_hex_order5_point_values,lagrange_scalar_point,hex,5,point,values,185,0.000134045,724.567567568,717.27027027,724.675675676,0.0,0,0,504,1728
lagrange_hex_order5_point_gradients,lagrange_scalar_point,hex,5,point,gradients,185,0.00019252,1040.64864865,976.340540541,1124.07027027,0.0,0,0,1440,5184
lagrange_hex_order5_point_hessians,lagrange_scalar_point,hex,5,point,hessians,185,0.000298526,1613.65405405,1583.94054054,1760.65945946,0.0,0,0,4104,15552
lagrange_hex_order5_point_all,lagrange_scalar_point,hex,5,point,all,185,0.000359817,1944.95675676,1936.71351351,1958.73513514,0.0,0,0,5832,22464
lagrange_hex_order5_strided_values,lagrange_strided_batch,hex,5,strided,values,37,0.000135927,3673.7027027,3672.37837838,3763.62162162,0.0,0,0,2016,8640
lagrange_hex_order5_strided_gradients,lagrange_strided_batch,hex,5,strided,gradients,37,0.000189894,5132.27027027,5131.37837838,5259.2972973,0.0,0,0,5760,25920
lagrange_hex_order5_strided_hessians,lagrange_strided_batch,hex,5,strided,hessians,37,0.000287837,7779.37837838,7719.94594595,8530.24324324,0.0,0,0,16416,77760
lagrange_hex_order5_strided_all,lagrange_strided_batch,hex,5,strided,all,37,0.000338411,9146.24324324,9144.91891892,9308.97297297,0.0,0,0,23328,112320
lagrange_hex_order6_construction,lagrange_construction,hex,6,construction,construction,20,0.000356585,17829.25,17702.75,18022.7,53.0,0,0,0,0
lagrange_hex_order6_point_values,lagrange_scalar_point,hex,6,point,values,119,0.000124763,1048.42857143,1048.24369748,1080.24369748,0.0,0,0,770,2744
lagrange_hex_order6_point_gradients,lagrange_scalar_point,hex,6,point,gradients,119,0.000159059,1336.6302521,1309.62184874,1420.53781513,0.0,0,0,2226,8232
lagrange_hex_order6_point_hessians,lagrange_scalar_point,hex,6,point,hessians,119,0.000277091,2328.49579832,2285.78991597,2395.68067227,0.0,0,0,6426,24696
lagrange_hex_order6_point_all,lagrange_scalar_point,hex,6,point,all,119,0.000343655,2887.85714286,2807.40336134,2912.90756303,0.0,0,0,9170,35672
lagrange_hex_order6_strided_values,lagrange_strided_batch,hex,6,strided,values,23,0.000121323,5274.91304348,5273.13043478,5280.08695652,0.0,0,0,3080,13720
lagrange_hex_order6_strided_gradients,lagrange_strided_batch,hex,6,strided,gradients,23,0.00017123,7444.7826087,7437.69565217,7522.69565217,0.0,0,0,8904,41160
lagrange_hex_order6_strided_hessians,lagrange_strided_batch,hex,6,strided,hessians,23,0.000272667,11855.0869565,11686.7826087,12405.3478261,0.0,0,0,25704,123480
lagrange_hex_order6_strided_all,lagrange_strided_batch,hex,6,strided,all,23,0.000332798,14469.4782609,14445.6521739,14596.9130435,0.0,0,0,36680,178360
lagrange_hex_order7_construction,lagrange_construction,hex,7,construction,construction,20,0.000539121,26956.05,25997.55,26991.9,67.0,0,0,0,0
lagrange_hex_order7_point_values,lagrange_scalar_point,hex,7,point,values,78,0.000102881,1318.98717949,1314.85897436,1321.96153846,0.0,0,0,1120,4096
lagrange_hex_order7_point_gradients,lagrange_scalar_point,hex,7,point,gradients,78,0.000136901,1755.14102564,1740.6025641,1817.32051282,0.0,0,0,3264,12288
lagrange_hex_order7_point_hessians,lagrange_scalar_point,hex,7,point,hessians,78,0.000244002,3128.23076923,3061.25641026,3415.07692308,0.0,0,0,9504,36864
lagrange_hex_order7_point_all,lagrange_scalar_point,hex,7,point,all,78,0.000303391,3889.62820513,3886.76923077,4125.03846154,0.0,0,0,13600,53248
lagrange_hex_order7_strided_values,lagrange_strided_batch,hex,7,strided,values,15,0.000115628,7708.53333333,7556.4,8544.4,0.0,0,0,4480,20480
lagrange_hex_order7_strided_gradients,lagrange_strided_batch,hex,7,strided,gradients,15,0.000159557,10637.1333333,10627.9333333,10671.4666667,0.0,0,0,13056,61440
lagrange_hex_order7_strided_hessians,lagrange_strided_batch,hex,7,strided,hessians,15,0.00025002,16668.0,16664.4,16877.3333333,0.0,0,0,38016,184320
lagrange_hex_order7_strided_all,lagrange_strided_batch,hex,7,strided,all,15,0.000307091,20472.7333333,20309.7333333,21532.4,0.0,0,0,54400,266240
lagrange_hex_order8_construction,lagrange_construction,hex,8,construction,construction,20,0.000738475,36923.75,36403.55,37595.9,84.0,0,0,0,0
lagrange_hex_order8_point_values,lagrange_scalar_point,hex,8,point,values,54,9.0786e-05,1681.22222222,1680.90740741,1681.37037037,0.0,0,0,1566,5832
lagrange_hex_order8_point_gradients,lagrange_scalar_point,hex,8,point,gradients,54,0.000113595,2103.61111111,2103.0,2104.2037037,0.0,0,0,4590,17496
lagrange_hex_order8_point_hessians,lagrange_scalar_point,hex,8,point,hessians,54,0.000216956,4017.7037037,4015.64814815,4355.2962963,0.0,0,0,13446,52488
lagrange_hex_order8_point_all,lagrange_scalar_point,hex,8,point,all,54,0.000286688,5309.03703704,5309.01851852,5355.14814815,0.0,0,0,19278,75816
lagrange_hex_order8_strided_values,lagrange_strided_batch,hex,8,strided,values,10,0.000100564,10056.4,10054.1,10062.0,0.0,0,0,6264,29160
lagrange_hex_order8_strided_gradients,lagrange_strided_batch,hex,8,strided,gradients,10,0.000141143,14114.3,14113.8,14124.3,0.0,0,0,18360,87480
lagrange_hex_order8_strided_hessians,lagrange_strided_batch,hex,8,strided,hessians,10,0.000220932,22093.2,22088.5,24833.4,0.0,0,0,53784,262440
lagrange_hex_order8_strided_all,lagrange_strided_batch,hex,8,strided,all,10,0.000281498,28149.8,28017.6,28840.4,0.0,0,0,77112,379080
lagrange_wedge_order1_construction,lagrange_construction,wedge,1,construction,construction,20,1.8826e-05,941.3,886.7,1523.1,13.0,0,0,0,0
lagrange_wedge_order1_point_values,lagrange_scalar_point,wedge,1,point,values,5000,0.000240443,48.0886,48.0402,49.4704,0.0,0,0,38,48
lagrange_wedge_order1_point_gradients,lagrange_scalar_point,wedge,1,point,gradients,5000,0.000292849,58.5698,56.017,61.545,0.0,0,0,90,144
lagrange_wedge_order1_point_hessians,lagrange_scalar_point,wedge,1,point,hessians,5000,0.000413347,82.6694,74.5108,102.6444,0.0,0,0,218,432
lagrange_wedge_order1_point_all,lagrange_scalar_point,wedge,1,point,all,5000,0.00042818,85.636,85.159,86.705,0.0,0,0,290,624
lagrange_wedge_order1_strided_values,lagrange_strided_batch,wedge,1,strided,values,1000,0.000197717,197.717,197.668,200.432,0.0,0,0,152,240
lagrange_wedge_order1_strided_gradients,lagrange_strided_batch,wedge,1,strided,gradients,1000,0.00023107,231.07,230.919,234.961,0.0,0,0,360,720
lagrange_wedge_order1_strided_hessians,lagrange_strided_batch,wedge,1,strided,hessians,1000,0.000413989,413.989,410.083,441.353,0.0,0,0,872,2160
lagrange_wedge_order1_strided_all,lagrange_strided_batch,wedge,1,strided,all,1000,0.000413862,413.862,410.113,415.486,0.0,0,0,1160,3120
lagrange_wedge_order2_construction,lagrange_construction,wedge,2,construction,construction,20,4.1191e-05,2059.55,2051.25,2471.45,18.0,0,0,0,0
lagrange_wedge_order2_point_values,lagrange_scalar_point,wedge,2,point,values,2500,0.0001879,75.16,75.1544,78.7668,0.0,0,0,99,144
lagrange_wedge_order2_point_gradients,lagrange_scalar_point,wedge,2,point,gradients,2500,0.000225063,90.0252,90.0012,91.9808,0.0,0,0,243,432
lagrange_wedge_order2_point_hessians,lagrange_scalar_point,wedge,2,point,hessians,2500,0.000364044,145.6176,142.0384,148.4348,0.0,0,0,612,1296
lagrange_wedge_order2_point_all,lagrange_scalar_point,wedge,2,point,all,2500,0.000431773,172.7092,167.5144,174.6084,0.0,0,0,828,1872
lagrange_wedge_order2_strided_values,lagrange_strided_batch,wedge,2,strided,values,500,0.000143048,286.096,286.062,286.486,0.0,0,0,396,720
lagrange_wedge_order2_strided_gradients,lagrange_strided_batch,wedge,2,strided,gradients,500,0.0002106,421.2,412.566,425.858,0.0,0,0,972,2160
lagrange_wedge_order2_strided_hessians,lagrange_strided_batch,wedge,2,strided,hessians,500,0.000448544,897.088,890.08,979.912,0.0,0,0,2448,6480
lagrange_wedge_order2_strided_all,lagrange_strided_batch,wedge,2,strided,all,500,0.000447562,895.124,890.612,909.49,0.0,0,0,3312,9360
lagrange_wedge_order3_construction,lagrange_construction,wedge,3,construction,construction,20,7.848e-05,3924.0,3898.9,4049.3,22.0,0,0,0,0
lagrange_wedge_order3_point_values,lagrange_scalar_point,wedge,3,point,values,1000,0.000116704,116.704,109.366,132.264,0.0,0,0,200,320
lagrange_wedge_order3_point_gradients,lagrange_scalar_point,wedge,3,point,gradients,1000,0.000138501,138.501,138.458,138.572,0.0,0,0,504,960
lagrange_wedge_order3_point_hessians,lagrange_scalar_point,wedge,3,point,hessians,1000,0.000296488,296.488,284.932,308.19,0.0,0,0,1304,2880
lagrange_wedge_order3_point_all,lagrange_scalar_point,wedge,3,point,all,1000,0.000311289,311.289,303.868,325.388,0.0,0,0,1784,4160
lagrange_wedge_order3_strided_values,lagrange_strided_batch,wedge,3,strided,values,200,8.1814e-05,409.07,408.705,409.5,0.0,0,0,800,1600
lagrange_wedge_order3_strided_gradients,lagrange_strided_batch,wedge,3,strided,gradients,200,0.000134057,670.285,669.33,670.32,0.0,0,0,2016,4800
lagrange_wedge_order3_strided_hessians,lagrange_strided_batch,wedge,3,strided,hessians,200,0.000347461,1737.305,1714.41,1774.54,0.0,0,0,5216,14400
lagrange_wedge_order3_strided_all,lagrange_strided_batch,wedge,3,strided,all,200,0.000340933,1704.665,1702.745,1793.235,0.0,0,0,7136,20800
lagrange_wedge_order4_construction,lagrange_construction,wedge,4,construction,construction,20,0.000125745,6287.25,5979.75,6606.6,28.0,0,0,0,0
lagrange_wedge_order4_point_values,lagrange_scalar_point,wedge,4,point,values,555,8.6993e-05,156.744144144,156.702702703,156.778378378,0.0,0,0,350,600
lagrange_wedge_order4_point_gradients,lagrange_scalar_point,wedge,4,point,gradients,555,0.000125069,225.34954955,210.486486486,240.983783784,0.0,0,0,900,1800
lagrange_wedge_order4_point_hessians,lagrange_scalar_point,wedge,4,point,hessians,555,0.000230898,416.032432432,415.154954955,461.983783784,0.0,0,0,2375,5400
lagrange_wedge_order4_point_all,lagrange_scalar_point,wedge,4,point,all,555,0.000285573,514.545945946,513.83963964,522.794594595,0.0,0,0,3275,7800
lagrange_wedge_order4_strided_values,lagrange_strided_batch,wedge,4,strided,values,111,6.3892e-05,575.603603604,575.567567568,575.630630631,0.0,0,0,1400,3000
lagrange_wedge_order4_strided_gradients,lagrange_strided_batch,wedge,4,strided,gradients,111,0.000120323,1083.99099099,1083.07207207,1084.18018018,0.0,0,0,3600,9000
lagrange_wedge_order4_strided_hessians,lagrange_strided_batch,wedge,4,strided,hessians,111,0.000332221,2992.98198198,2945.12612613,3045.35135135,0.0,0,0,9500,27000
lagrange_wedge_order4_strided_all,lagrange_strided_batch,wedge,4,strided,all,111,0.000457082,4117.85585586,4034.6036036,4132.67567568,0.0,0,0,13100,39000
lagrange_wedge_order5_construction,lagrange_construction,wedge,5,construction,construction,20,0.000208888,10444.4,10039.25,10613.7,65.0,0,0,0,0
lagrange_wedge_order5_point_values,lagrange_scalar_point,wedge,5,point,values,333,0.000101925,306.081081081,305.324324324,322.714714715,0.0,0,0,558,1008
lagrange_wedge_order5_point_gradients,lagrange_scalar_point,wedge,5,point,gradients,333,0.000142986,429.387387387,428.858858859,429.588588589,0.0,0,0,1458,3024
lagrange_wedge_order5_point_hessians,lagrange_scalar_point,wedge,5,point,hessians,333,0.00025815,775.225225225,773.084084084,790.744744745,0.0,0,0,3906,9072
lagrange_wedge_order5_point_all,lagrange_scalar_point,wedge,5,point,all,333,0.000313991,942.915915916,927.456456456,986.111111111,0.0,0,0,5418,13104
lagrange_wedge_order5_strided_values,lagrange_strided_batch,wedge,5,strided,values,66,7.4874e-05,1134.45454545,1130.87878788,1367.98484848,0.0,0,0,2232,5040
lagrange_wedge_order5_strided_gradients,lagrange_strided_batch,wedge,5,strided,gradients,66,0.000134909,2044.07575758,2043.66666667,2052.90909091,0.0,0,0,5832,15120
lagrange_wedge_order5_strided_hessians,lagrange_strided_batch,wedge,5,strided,hessians,66,0.000350462,5310.03030303,5289.84848485,5355.01515152,0.0,0,0,15624,45360
lagrange_wedge_order5_strided_all,lagrange_strided_batch,wedge,5,strided,all,66,0.000551047,8349.1969697,7157.5,8898.25757576,0.0,0,0,21672,65520
lagrange_wedge_order6_construction,lagrange_construction,wedge,6,construction,construction,20,0.000298151,14907.55,14707.1,16196.5,84.0,0,0,0,0
lagrange_wedge_order6_point_values,lagrange_scalar_point,wedge,6,point,values,208,8.522e-05,409.711538462,407.783653846,464.836538462,0.0,0,0,833,1568
lagrange_wedge_order6_point_gradients,lagrange_scalar_point,wedge,6,point,gradients,208,0.000122941,591.0625,587.807692308,605.884615385,0.0,0,0,2205,4704
lagrange_wedge_order6_point_hessians,lagrange_scalar_point,wedge,6,point,hessians,208,0.000231443,1112.70673077,1112.07211538,1124.88942308,0.0,0,0,5978,14112
lagrange_wedge_order6_point_all,lagrange_scalar_point,wedge,6,point,all,208,0.000297654,1431.02884615,1386.25961538,1510.01442308,0.0,0,0,8330,20384
lagrange_wedge_order6_strided_values,lagrange_strided_batch,wedge,6,strided,values,41,6.1706e-05,1505.02439024,1502.46341463,1506.26829268,0.0,0,0,3332,7840
lagrange_wedge_order6_strided_gradients,lagrange_strided_batch,wedge,6,strided,gradients,41,0.000118794,2897.41463415,2894.80487805,2902.14634146,0.0,0,0,8820,23520
lagrange_wedge_order6_strided_hessians,lagrange_strided_batch,wedge,6,strided,hessians,41,0.000329276,8031.12195122,8025.85365854,8116.63414634,0.0,0,0,23912,70560
lagrange_wedge_order6_strided_all,lagrange_strided_batch,wedge,6,strided,all,41,0.000450826,10995.7560976,10881.1707317,11013.0487805,0.0,0,0,33320,101920
lagrange_wedge_order7_construction,lagrange_construction,wedge,7,construction,construction,20,0.000455305,22765.25,22728.6,23228.4,106.0,0,0,0,0
lagrange_wedge_order7_point_values,lagrange_scalar_point,wedge,7,point,values,138,6.466e-05,468.550724638,468.384057971,485.927536232,0.0,0,0,1184,2304
lagrange_wedge_order7_point_gradients,lagrange_scalar_point,wedge,7,point,gradients,138,9.8535e-05,714.02173913,713.630434783,716.231884058,0.0,0,0,3168,6912
lagrange_wedge_order7_point_hessians,lagrange_scalar_point,wedge,7,point,hessians,138,0.000200476,1452.72463768,1452.14492754,1472.20289855,0.0,0,0,8672,20736
lagrange_wedge_order7_point_all,lagrange_scalar_point,wedge,7,point,all,138,0.000269959,1956.22463768,1929.50724638,2036.63768116,0.0,0,0,12128,29952
lagrange_wedge_order7_strided_values,lagrange_strided_batch,wedge,7,strided,values,27,4.8559e-05,1798.48148148,1795.59259259,1801.40740741,0.0,0,0,4736,11520
lagrange_wedge_order7_strided_gradients,lagrange_strided_batch,wedge,7,strided,gradients,27,0.000109397,4051.74074074,4047.85185185,4064.33333333,0.0,0,0,12672,34560
lagrange_wedge_order7_strided_hessians,lagrange_strided_batch,wedge,7,strided,hessians,27,0.000314784,11658.6666667,11607.8518519,12475.1851852,0.0,0,0,34688,103680
lagrange_wedge_order7_strided_all,lagrange_strided_batch,wedge,7,strided,all,27,0.000440143,16301.5925926,15972.5555556,16622.1851852,0.0,0,0,48512,149760
lagrange_wedge_order8_construction,lagrange_construction,wedge,8,construction,construction,20,0.000670613,33530.65,29232.6,34803.6,132.0,0,0,0,0
lagrange_wedge_order8_point_values,lagrange_scalar_point,wedge,8,point,values,100,6.2936e-05,629.36,628.71,629.41,0.0,0,0,1620,3240
lagrange_wedge_order8_point_gradients,lagrange_scalar_point,wedge,8,point,gradients,100,9.3743e-05,937.43,934.84,939.77,0.0,0,0,4374,9720
lagrange_wedge_order8_point_hessians,lagrange_scalar_point,wedge,8,point,hessians,100,0.00020047,2004.7,1956.39,2123.33,0.0,0,0,12069,29160
lagrange_wedge_order8_point_all,lagrange_scalar_point,wedge,8,point,all,100,0.000279166,2791.66,2686.93,2863.09,0.0,0,0,16929,42120
lagrange_wedge_order8_strided_values,lagrange_strided_batch,wedge,8,strided,values,20,4.4083e-05,2204.15,2202.55,2211.75,0.0,0,0,6480,16200
lagrange_wedge_order8_strided_gradients,lagrange_strided_batch,wedge,8,strided,gradients,20,0.000106743,5337.15,5186.75,6068.3,0.0,0,0,17496,48600
lagrange_wedge_order8_strided_hessians,lagrange_strided_batch,wedge,8,strided,hessians,20,0.000317452,15872.6,15680.6,15878.4,0.0,0,0,48276,145800
lagrange_wedge_order8_strided_all,lagrange_strided_batch,wedge,8,strided,all,20,0.000443423,22171.15,22144.6,22557.7,0.0,0,0,67716,210600
lagrange_pyramid_order1_construction,lagrange_construction,pyramid,1,construction,construction,20,3.37e-06,168.5,141.65,1665.95,1.0,0,0,0,0
lagrange_pyramid_order1_point_values,lagrange_scalar_point,pyramid,1,point,values,5000,0.00027098,54.196,54.1048,54.9242,0.0,0,0,72,40
lagrange_pyramid_order1_point_gradients,lagrange_scalar_point,pyramid,1,point,gradients,5000,0.00040298,80.596,79.0294,80.8546,0.0,0,0,216,120
lagrange_pyramid_order1_point_hessians,lagrange_scalar_point,pyramid,1,point,hessians,5000,0.000515272,103.0544,102.988,104.1302,0.0,0,0,648,360
lagrange_pyramid_order1_point_all,lagrange_scalar_point,pyramid,1,point,all,5000,0.000669775,133.955,131.0592,134.2784,0.0,0,0,936,520
lagrange_pyramid_order1_strided_values,lagrange_strided_batch,pyramid,1,strided,values,1000,0.00021893,218.93,214.822,223.893,0.0,0,0,288,200
lagrange_pyramid_order1_strided_gradients,lagrange_strided_batch,pyramid,1,strided,gradients,1000,0.000336008,336.008,331.387,341.463,0.0,0,0,864,600
lagrange_pyramid_order1_strided_hessians,lagrange_strided_batch,pyramid,1,strided,hessians,1000,0.000399116,399.116,389.257,409.489,0.0,0,0,2592,1800
lagrange_pyramid_order1_strided_all,lagrange_strided_batch,pyramid,1,strided,all,1000,0.00058049,580.49,556.29,814.32,0.0,0,0,3744,2600
lagrange_pyramid_order2_construction,lagrange_construction,pyramid,2,construction,construction,20,3.227e-06,161.35,152.75,324.6,1.0,0,0,0,0
lagrange_pyramid_order2_point_values,lagrange_scalar_point,pyramid,2,point,values,5000,0.000419573,83.9146,82.8624,85.0296,0.0,0,0,308,112
lagrange_pyramid_order2_point_gradients,lagrange_scalar_point,pyramid,2,point,gradients,5000,0.000885671,177.1342,175.565,183.6118,0.0,0,0,924,336
lagrange_pyramid_order2_point_hessians,lagrange_scalar_point,pyramid,2,point,hessians,5000,0.00119842,239.684,237.8646,243.312,0.0,0,0,2772,1008
lagrange_pyramid_order2_point_all,lagrange_scalar_point,pyramid,2,point,all,5000,0.001708566,341.7132,335.0632,344.365,0.0,0,0,4004,1456
lagrange_pyramid_order2_strided_values,lagrange_strided_batch,pyramid,2,strided,values,1000,0.000346938,346.938,346.321,355.066,0.0,0,0,1232,560
lagrange_pyramid_order2_strided_gradients,lagrange_strided_batch,pyramid,2,strided,gradients,1000,0.000846771,846.771,796.559,1114.409,0.0,0,0,3696,1680
lagrange_pyramid_order2_strided_hessians,lagrange_strided_batch,pyramid,2,strided,hessians,1000,0.001140571,1140.571,1134.895,1146.224,0.0,0,0,11088,5040
lagrange_pyramid_order2_strided_all,lagrange_strided_batch,pyramid,2,strided,all,1000,0.001564687,1564.687,1562.371,1600.33,0.0,0,0,16016,7280
lagrange_pyramid_order3_construction,lagrange_construction,pyramid,3,construction,construction,20,3.437e-06,171.85,171.45,35954.25,1.0,0,0,0,0
lagrange_pyramid_order3_point_values,lagrange_scalar_point,pyramid,3,point,values,1666,0.001045687,627.663265306,616.857743097,641.799519808,0.0,0,0,2220,240
lagrange_pyramid_order3_point_gradients,lagrange_scalar_point,pyramid,3,point,gradients,1666,0.001869717,1122.27911164,1059.37334934,1241.46218487,0.0,0,0,6660,720
lagrange_pyramid_order3_point_hessians,lagrange_scalar_point,pyramid,3,point,hessians,1666,0.004010047,2406.9909964,2375.46698679,2431.86494598,0.0,0,0,19980,2160
lagrange_pyramid_order3_point_all,lagrange_scalar_point,pyramid,3,point,all,1666,0.00400223,2402.29891957,2391.16206483,2547.42857143,0.0,0,0,28860,3120
lagrange_pyramid_order3_strided_values,lagrange_strided_batch,pyramid,3,strided,values,333,0.00089913,2700.09009009,2679.01501502,2768.56756757,0.0,0,0,8880,1200
lagrange_pyramid_order3_strided_gradients,lagrange_strided_batch,pyramid,3,strided,gradients,333,0.00235239,7064.23423423,6924.05105105,7410.54354354,0.0,0,0,26640,3600
lagrange_pyramid_order3_strided_hessians,lagrange_strided_batch,pyramid,3,strided,hessians,333,0.007051304,21175.0870871,21081.3873874,22447.8858859,0.0,0,0,79920,10800
lagrange_pyramid_order3_strided_all,lagrange_strided_batch,pyramid,3,strided,all,333,0.010486304,31490.4024024,30631.3243243,31559.2462462,0.0,0,0,115440,15600
lagrange_pyramid_order4_construction,lagrange_construction,pyramid,4,construction,construction,20,3.138e-06,156.9,155.3,146300.8,1.0,0,0,0,0
lagrange_pyramid_order4_point_values,lagrange_scalar_point,pyramid,4,point,values,833,0.00174651,2096.65066026,1990.32172869,2107.80432173,0.0,0,0,7040,440
lagrange_pyramid_order4_point_gradients,lagrange_scalar_point,pyramid,4,point,gradients,833,0.002588617,3107.58343337,3090.42977191,3189.33133253,0.0,0,0,21120,1320
lagrange_pyramid_order4_point_hessians,lagrange_scalar_point,pyramid,4,point,hessians,833,0.006118177,7344.75030012,7286.5270108,7774.6302521,0.0,0,0,63360,3960
lagrange_pyramid_order4_point_all,lagrange_scalar_point,pyramid,4,point,all,833,0.006089686,7310.54741897,7174.62184874,7404.73589436,0.0,0,0,91520,5720
lagrange_pyramid_order4_strided_values,lagrange_strided_batch,pyramid,4,strided,values,166,0.001429011,8608.5,8329.31325301,9101.19879518,0.0,0,0,28160,2200
lagrange_pyramid_order4_strided_gradients,lagrange_strided_batch,pyramid,4,strided,gradients,166,0.00455514,27440.6024096,27175.2048193,28210.6807229,0.0,0,0,84480,6600
lagrange_pyramid_order4_strided_hessians,lagrange_strided_batch,pyramid,4,strided,hessians,166,0.012793146,77067.1445783,76944.5361446,77758.0180723,0.0,0,0,253440,19800
lagrange_pyramid_order4_strided_all,lagrange_strided_batch,pyramid,4,strided,all,166,0.018913726,113938.108434,113724.210843,114661.307229,0.0,0,0,366080,28600
lagrange_pyramid_order5_construction,lagrange_construction,pyramid,5,construction,construction,20,3.568e-06,178.4,177.6,338.15,1.0,0,0,0,0
lagrange_pyramid_order5_point_values,lagrange_scalar_point,pyramid,5,point,values,454,0.002851898,6281.71365639,5840.83480176,6293.68722467,0.0,0,0,18564,728
lagrange_pyramid_order5_point_gradients,lagrange_scalar_point,pyramid,5,point,gradients,454,0.003874478,8534.09251101,8525.60792952,8583.73348018,0.0,0,0,55692,2184
lagrange_pyramid_order5_point_hessians,lagrange_scalar_point,pyramid,5,point,hessians,454,0.008950304,19714.3259912,19256.3348018,20020.7356828,0.0,0,0,167076,6552
lagrange_pyramid_order5_point_all,lagrange_scalar_point,pyramid,5,point,all,454,0.008807588,19399.9735683,18910.1035242,19440.8810573,0.0,0,0,241332,9464
lagrange_pyramid_order5_strided_values,lagrange_strided_batch,pyramid,5,strided,values,90,0.001928825,21431.3888889,21270.7777778,21962.6444444,0.0,0,0,74256,3640
lagrange_pyramid_order5_strided_gradients,lagrange_strided_batch,pyramid,5,strided,gradients,90,0.006749154,74990.6,71424.9777778,75160.3111111,0.0,0,0,222768,10920
lagrange_pyramid_order5_strided_hessians,lagrange_strided_batch,pyramid,5,strided,hessians,90,0.018012898,200143.311111,199166.455556,200873.4,0.0,0,0,668304,32760
lagrange_pyramid_order5_strided_all,lagrange_strided_batch,pyramid,5,strided,all,90,0.027154721,301719.122222,298329.966667,305988.044444,0.0,0,0,965328,47320
lagrange_pyramid_order6_construction,lagrange_construction,pyramid,6,construction,construction,20,3.908e-06,195.4,191.75,2218614.95,1.0,0,0,0,0
lagrange_pyramid_order6_point_values,lagrange_scalar_point,pyramid,6,point,values,294,0.004833071,16439.0170068,16413.1938776,17059.0544218,0.0,0,0,42840,1120
lagrange_pyramid_order6_point_gradients,lagrange_scalar_point,pyramid,6,point,gradients,294,0.005787047,19683.8333333,19225.4897959,19720.1462585,0.0,0,0,128520,3360
lagrange_pyramid_order6_point_hessians,lagrange_scalar_point,pyramid,6,point,hessians,294,0.013400509,45579.962585,43638.1734694,46763.1870748,0.0,0,0,385560,10080
lagrange_pyramid_order6_point_all,lagrange_scalar_point,pyramid,6,point,all,294,0.012771132,43439.2244898,43124.047619,43461.1972789,0.0,0,0,556920,14560
lagrange_pyramid_order6_strided_values,lagrange_strided_batch,pyramid,6,strided,values,58,0.002949116,50846.8275862,50211.0344828,51236.8448276,0.0,0,0,171360,5600
lagrange_pyramid_order6_strided_gradients,lagrange_strided_batch,pyramid,6,strided,gradients,58,0.009641279,166228.948276,165473.931034,168811.965517,0.0,0,0,514080,16800
lagrange_pyramid_order6_strided_hessians,lagrange_strided_batch,pyramid,6,strided,hessians,58,0.02698302,465224.482759,460737.827586,466130.758621,0.0,0,0,1542240,50400
lagrange_pyramid_order6_strided_all,lagrange_strided_batch,pyramid,6,strided,all,58,0.0414864,715282.758621,702674.758621,727618.241379,0.0,0,0,2227680,72800
lagrange_pyramid_order7_construction,lagrange_construction,pyramid,7,construction,construction,20,7.991e-06,399.55,200.2,6850612.95,1.0,0,0,0,0
lagrange_pyramid_order7_point_values,lagrange_scalar_point,pyramid,7,point,values,200,0.007748403,38742.015,37343.02,39202.385,0.0,0,0,89352,1632
lagrange_pyramid_order7_point_gradients,lagrange_scalar_point,pyramid,7,point,gradients,200,0.008472008,42360.04,42142.14,42662.185,0.0,0,0,268056,4896
lagrange_pyramid_order7_point_hessians,lagrange_scalar_point,pyramid,7,point,hessians,200,0.019346363,96731.815,92655.815,97590.675,0.0,0,0,804168,14688
lagrange_pyramid_order7_point_all,lagrange_scalar_point,pyramid,7,point,all,200,0.018140989,90704.945,90251.345,91007.83,0.0,0,0,1161576,21216
lagrange_pyramid_order7_strided_values,lagrange_strided_batch,pyramid,7,strided,values,40,0.004334805,108370.125,106092.4,109722.225,0.0,0,0,357408,8160
lagrange_pyramid_order7_strided_gradients,lagrange_strided_batch,pyramid,7,strided,gradients,40,0.014106394,352659.85,348537.8,353047.875,0.0,0,0,1072224,24480
lagrange_pyramid_order7_strided_hessians,lagrange_strided_batch,pyramid,7,strided,hessians,40,0.039040049,976001.225,970831.725,985029.35,0.0,0,0,3216672,73440
lagrange_pyramid_order7_strided_all,lagrange_strided_batch,pyramid,7,strided,all,40,0.058420285,1460507.125,1448522.075,1464568.975,0.0,0,0,4646304,106080
lagrange_pyramid_order8_construction,lagrange_construction,pyramid,8,construction,construction,20,4.977e-06,248.85,244.7,18750433.8,1.0,0,0,0,0
lagrange_pyramid_order8_point_values,lagrange_scalar_point,pyramid,8,point,values,142,0.010883913,76647.2746479,73516.6408451,82101.3309859,0.0,0,0,172140,2280
lagrange_pyramid_order8_point_gradients,lagrange_scalar_point,pyramid,8,point,gradients,142,0.011633381,81925.2183099,81914.7605634,84684.6619718,0.0,0,0,516420,6840
lagrange_pyramid_order8_point_hessians,lagrange_scalar_point,pyramid,8,point,hessians,142,0.026922196,189592.929577,185651.323944,191209.746479,0.0,0,0,1549260,20520
lagrange_pyramid_order8_point_all,lagrange_scalar_point,pyramid,8,point,all,142,0.026191254,184445.450704,181556.612676,185148.288732,0.0,0,0,2237820,29640
lagrange_pyramid_order8_strided_values,lagrange_strided_batch,pyramid,8,strided,values,28,0.005855983,209142.25,209104.964286,215649.928571,0.0,0,0,688560,11400
lagrange_pyramid_order8_strided_gradients,lagrange_strided_batch,pyramid,8,strided,gradients,28,0.019074662,681237.928571,680430.75,687004.321429,0.0,0,0,2065680,34200
lagrange_pyramid_order8_strided_hessians,lagrange_strided_batch,pyramid,8,strided,hessians,28,0.05508184,1967208.57143,1914076.5,1969160.39286,0.0,0,0,6197040,102600
lagrange_pyramid_order8_strided_all,lagrange_strided_batch,pyramid,8,strided,all,28,0.081955337,2926976.32143,2898325.14286,2928118.53571,0.0,0,0,8951280,148200
