step,time,previous_measure,low_order_measure,raw_target_measure,limited_measure,cumulative_boundary_transfer,cumulative_discrete_divergence_source,accounted_measure,raw_measure_error,accounted_balance_error,minimum_indicator,maximum_indicator,maximum_courant,maximum_local_balance_residual,maximum_component_balance_residual,components
1,0.019230769230769232,0.048828124999999979,0.048828124999999979,0.048828124999999979,0.048828124999999979,1.6680033422853915e-19,1.0425020889283698e-18,0.048828124999999979,0,0,0,1,0.49230769230769245,2.0328790734103208e-20,2.2023443036036835e-17,1
2,0.038461538461538464,0.048828124999999979,0.048828124999999979,0.048828124999999979,0.048828124999999979,3.3360066845707831e-19,2.0850041778567396e-18,0.048828124999999979,0,0,0,1,0.49230769230769245,2.5622746654442585e-20,5.6234741343271145e-18,1
3,0.057692307692307696,0.048828124999999979,0.048828124999999979,0.048828124999999979,0.048828124999999979,5.0040100268561748e-19,3.1275062667851094e-18,0.048828124999999986,0,-6.9388939039072284e-18,-6.9388939039072284e-18,1,0.49230769230769245,4.5739779151732218e-20,2.2033105746362373e-17,1
4,0.076923076923076927,0.048828124999999979,0.048828124999999979,0.048828124999999979,0.048828124999999979,6.6720133691415661e-19,4.1700083557134792e-18,0.048828124999999986,0,-6.9388939039072284e-18,-6.9389005213521288e-18,1,0.49230769230769245,3.3881317890172014e-20,2.8955335037004561e-17,1
5,0.096153846153846159,0.048828124999999979,0.048828124999999979,0.048828124999999979,0.048828124999999979,8.3400167114269574e-19,5.2125104446418486e-18,0.048828124999999986,0,-6.9388939039072284e-18,-1.3877787807814457e-17,1,0.49230769230769245,3.0493186101154812e-20,3.5069979792245592e-17,1
6,0.11538461538461539,0.048828124999999979,0.048828124999999979,0.048828124999999979,0.048828124999999979,1.000802005371235e-18,6.2550125335702188e-18,0.048828124999999986,0,-6.9388939039072284e-18,-1.3877787807814457e-17,1,0.49230769230769245,4.0657581468206416e-20,3.810774835203856e-17,1
7,0.13461538461538464,0.048828124999999979,0.048828124999999979,0.048828124999999979,0.048828124999999979,1.1676023395997741e-18,7.297514622498589e-18,0.048828124999999986,0,-6.9388939039072284e-18,-1.3877787807814457e-17,1,0.49230769230769245,4.0657581468206416e-20,6.15709722903864e-17,1
8,0.15384615384615385,0.048828124999999979,0.048828124999999979,0.048828124999999979,0.048828124999999979,1.3344026738283132e-18,8.3400167114269584e-18,0.048828124999999986,0,-6.9388939039072284e-18,-2.0816681711721685e-17,1,0.49230769230769245,4.7433845046240819e-20,1.2300552696308472e-16,1
9,0.17307692307692307,0.048828124999999979,0.048828124999999979,0.048828124999999979,0.048828124999999979,1.5012030080568524e-18,9.3825188003553278e-18,0.048828124999999993,0,-1.3877787807814457e-17,-2.7755575615628914e-17,1,0.49230769230769245,3.3881317890172014e-20,8.9869252042467534e-17,1
10,0.19230769230769232,0.048828124999999979,0.048828124999999979,0.048828124999999979,0.048828124999999979,1.6680033422853915e-18,1.0425020889283697e-17,0.048828124999999993,0,-1.3877787807814457e-17,-3.4694469519536142e-17,1,0.49230769230769245,3.7269449679189215e-20,9.7285675919749928e-17,1
11,0.21153846153846156,0.048828124999999979,0.048828124999999979,0.048828124999999979,0.048828124999999979,1.8348036765139306e-18,1.1467522978212068e-17,0.048828124999999993,0,-1.3877787807814457e-17,-3.4694469519536142e-17,1,0.49230769230769245,4.7433845046240819e-20,4.0512238974797879e-17,1
12,0.23076923076923078,0.048828124999999979,0.048828124999999979,0.048828124999999979,0.048828124999999979,2.0016040107424699e-18,1.2510025067140438e-17,0.048828124999999993,0,-1.3877787807814457e-17,-3.8163916471489756e-17,1,0.49230769230769245,4.4045713257223618e-20,5.3107353236552202e-17,1
13,0.25,0.048828124999999979,0.048828124999999979,0.048828124999999979,0.048828124999999979,2.1684043449710089e-18,1.3552527156068807e-17,0.048828124999999993,0,-1.3877787807814457e-17,-3.903127820947816e-17,1,0.49230769230769245,3.9810548520952116e-20,1.0328423997805981e-16,1
14,0.26923076923076927,0.048828124999999979,0.048828124999999979,0.048828124999999979,0.048828124999999979,2.3352046791995482e-18,1.4595029244997178e-17,0.048828124999999993,0,-1.3877787807814457e-17,-3.9027940457946196e-17,1,0.49230769230769245,3.6422416731934915e-20,5.7338591556482242e-17,1
15,0.28846153846153849,0.048828124999999979,0.048828124999999979,0.048828124999999979,0.048828124999999979,2.5020050134280871e-18,1.5637531333925547e-17,0.048828125,0,-2.0816681711721685e-17,-4.163336342344337e-17,1,0.49230769230769245,4.8280877993495119e-20,2.466018873226094e-17,1
16,0.30769230769230771,0.048828124999999979,0.048828124999999979,0.048828124999999979,0.048828124999999979,2.6688053476566264e-18,1.6680033422853917e-17,0.048828125,0,-2.0816681711721685e-17,-4.1517531667906345e-17,1,0.49230769230769245,5.3363075677020921e-20,2.3715574810026839e-17,1
17,0.32692307692307693,0.048828124999999979,0.048828124999999979,0.048828124999999979,0.048828124999999979,2.8356056818851658e-18,1.7722535511782286e-17,0.048828125,0,-2.0816681711721685e-17,-4.3368086899420177e-17,1,0.49230769230769245,3.8963515573697816e-20,8.9242331239059309e-17,1
18,0.34615384615384615,0.048828124999999979,0.048828124999999979,0.048828124999999979,0.048828124999999979,3.0024060161137047e-18,1.8765037600710656e-17,0.048828125,0,-2.0816681711721685e-17,-4.3368086899420177e-17,1,0.49230769230769245,3.7269449679189215e-20,1.0283211720616603e-16,1
19,0.36538461538461542,0.048828124999999979,0.048828124999999979,0.048828124999999979,0.048828124999999979,3.169206350342244e-18,1.9807539689639025e-17,0.048828125,0,-2.0816681711721685e-17,-4.5102810375396984e-17,1,0.49230769230769245,4.5739779151732218e-20,4.6646894566343287e-17,1
20,0.38461538461538464,0.048828124999999979,0.048828124999999979,0.048828124999999979,0.048828124999999979,3.336006684570783e-18,2.0850041778567394e-17,0.048828125,0,-2.0816681711721685e-17,-4.5102810375396984e-17,1,0.49230769230769245,4.4045713257223618e-20,1.2912370409496921e-17,1
21,0.40384615384615385,0.048828124999999979,0.048828124999999979,0.048828124999999979,0.048828124999999979,3.5028070187993219e-18,2.1892543867495767e-17,0.048828125000000007,0,-2.7755575615628914e-17,-4.8572257327350599e-17,1,0.49230769230769245,4.7433845046240819e-20,2.4896267345703887e-17,1
22,0.42307692307692313,0.048828124999999979,0.048828124999999979,0.048828124999999979,0.048828124999999979,3.6696073530278612e-18,2.2935045956424136e-17,0.048828125000000007,0,-2.7755575615628914e-17,-4.8572257327350599e-17,1,0.49230769230769245,5.1669009782512321e-20,1.4737361307524724e-17,1
23,0.44230769230769235,0.048828124999999979,0.048828124999999979,0.048828124999999979,0.048828124999999979,3.8364076872564005e-18,2.3977548045352506e-17,0.048828125000000007,0,-2.7755575615628914e-17,-4.8567175129667073e-17,1,0.49230769230769245,4.912791094074942e-20,7.1670737183052357e-17,1
24,0.46153846153846156,0.048828124999999979,0.048828124999999979,0.048828124999999979,0.048828124999999979,4.0032080214849399e-18,2.5020050134280875e-17,0.048828125000000007,0,-2.7755575615628914e-17,-5.5511151231257827e-17,1,0.49230769230769245,3.7269449679189215e-20,1.048729077499943e-16,1
25,0.48076923076923078,0.048828124999999979,0.048828124999999979,0.048828124999999979,0.048828124999999979,4.1700083557134792e-18,2.6062552223209245e-17,0.048828125000000007,0,-2.7755575615628914e-17,-5.5511151231257827e-17,1,0.49230769230769245,4.5739779151732218e-20,2.6281032863902637e-17,1
26,0.5,0.048828124999999979,0.048828124999999979,0.048828124999999979,0.048828124999999979,4.3368086899420177e-18,2.7105054312137614e-17,0.048828125000000014,0,-3.4694469519536142e-17,-5.5511151231257827e-17,1,0.49230769230769245,4.4045713257223618e-20,1.9118372568078795e-17,1
